ContainerID,Vessel,Carrier,Origin_Port,Destination_Port,Scheduled_Arrival,Actual_Arrival
CNT00001,MSC Anna,,Chennai,Mumbai,2023-04-13,2023-04-21
CNT00002,Ever Given,MSC,Vizag,Chennai,2024-03-11,
CNT00003,CMA CGM Jacques,MSC,Kolkata,Kolkata,2023-09-28,2023-10-06
CNT00004,Maersk Alabama,,Chennai,Chennai,2023-04-17,2023-04-27
CNT00005,OOCL Hong Kong,MSC,,Vizag,2023-03-13,2023-03-20
CNT00006,MSC Anna,Maersk,Mumbai,Vizag,2024-12-01,2024-12-06
CNT00007,Ever Given,Maersk,Mundra,Kochi,2023-01-21,2023-01-27
CNT00008,Maersk Alabama,CMA CGM,Mumbai,Kochi,2024-09-06,2024-09-08
CNT00009,MSC Anna,MSC,Mundra,Kochi,2023-05-02,2023-06-22
CNT00010,MSC Anna,Maersk,Vizag,Mumbai,2024-04-11,2024-04-15
CNT00011,Maersk Alabama,Maersk,Kochi,Mundra,2023-08-03,2023-08-04
CNT00012,,Hapag-Lloyd,Vizag,Vizag,2023-11-27,2023-12-01
CNT00013,Ever Given,Hapag-Lloyd,Kochi,Chennai,2024-04-03,2024-04-10
CNT00014,CMA CGM Jacques,Maersk,Mumbai,Chennai,2023-03-29,2023-04-08
CNT00015,OOCL Hong Kong,CMA CGM,Mundra,Chennai,2024-01-08,2024-01-16
CNT00016,Maersk Alabama,ONE,Vizag,Chennai,2023-04-10,2023-04-11
CNT00017,Maersk Alabama,ONE,Kochi,Kochi,2024-10-25,2024-10-27
CNT00018,Maersk Alabama,Maersk,Chennai,Chennai,2023-05-11,2023-05-13
CNT00019,Ever Given,Maersk,Chennai,Mundra,2024-10-23,2024-10-23
CNT00020,OOCL Hong Kong,Maersk,Vizag,Kochi,2023-11-05,2023-11-12
CNT00021,CMA CGM Jacques,CMA CGM,Mundra,Chennai,2023-12-10,2023-12-15
CNT00022,MSC Anna,Hapag-Lloyd,Vizag,Mumbai,2024-05-06,2024-05-13
CNT00023,,Maersk,Mumbai,Kolkata,2024-02-18,2024-02-28
CNT00024,Maersk Alabama,Maersk,Kochi,Kolkata,2024-01-21,2024-01-29
CNT00025,OOCL Hong Kong,MSC,Mumbai,Kolkata,2023-07-11,2023-07-15
CNT00026,Ever Given,CMA CGM,Chennai,Kochi,2023-10-04,2023-10-06
CNT00027,OOCL Hong Kong,Maersk,Kochi,Chennai,2023-06-10,2023-06-14
CNT00028,OOCL Hong Kong,MSC,Vizag,Vizag,2024-04-04,2024-04-08
CNT00029,Ever Given,ONE,Mumbai,Vizag,2023-11-10,2023-11-14
CNT00030,Maersk Alabama,Maersk,Kolkata,Vizag,2023-01-22,2023-01-24
CNT00031,OOCL Hong Kong,Maersk,Mundra,Kochi,2023-09-10,2023-09-20
CNT00032,MSC Anna,MSC,Mundra,Mundra,2024-07-14,2024-07-23
CNT00033,Ever Given,CMA CGM,Kolkata,Mumbai,2024-04-19,2024-04-22
CNT00034,,Maersk,,,2023-02-28,2023-04-23
CNT00035,Maersk Alabama,ONE,Kochi,Kolkata,2024-05-25,2024-06-03
CNT00036,Ever Given,Maersk,,Kolkata,2024-11-12,2024-11-20
CNT00037,CMA CGM Jacques,ONE,Kolkata,Vizag,2024-04-20,2024-06-16
CNT00038,CMA CGM Jacques,Hapag-Lloyd,Vizag,Vizag,2024-11-30,2024-12-07
CNT00039,OOCL Hong Kong,Hapag-Lloyd,Kolkata,Kolkata,2023-07-09,2023-07-16
CNT00040,OOCL Hong Kong,ONE,Chennai,Chennai,2024-11-17,2024-11-23
CNT00041,OOCL Hong Kong,CMA CGM,Chennai,Mundra,2024-07-16,2024-07-23
CNT00042,Ever Given,Maersk,Mumbai,Mundra,2024-07-20,2024-07-22
CNT00043,Ever Given,Maersk,Mundra,Mundra,2023-09-01,2023-09-06
CNT00044,Maersk Alabama,Hapag-Lloyd,Mumbai,Mundra,2024-05-19,2024-05-19
CNT00045,OOCL Hong Kong,,Kolkata,,2023-05-11,2023-05-17
CNT00046,CMA CGM Jacques,Maersk,Kochi,Mumbai,2024-04-29,
CNT00047,MSC Anna,Maersk,Kochi,Kolkata,2024-10-08,2024-10-16
CNT00048,Maersk Alabama,CMA CGM,Chennai,Mundra,2023-01-21,2023-01-21
CNT00049,Ever Given,MSC,Kochi,Kolkata,2023-06-16,2023-06-16
CNT00050,Maersk Alabama,Hapag-Lloyd,Kochi,Mundra,2023-10-01,2023-10-07
CNT00051,Maersk Alabama,Hapag-Lloyd,Kochi,Kochi,2024-01-23,2024-01-24
CNT00052,Maersk Alabama,MSC,Kolkata,Vizag,2024-08-23,2024-08-27
CNT00053,Maersk Alabama,Maersk,Kochi,Mumbai,2023-11-12,2023-11-19
CNT00054,MSC Anna,CMA CGM,Vizag,Kochi,2023-01-14,2023-01-21
CNT00055,OOCL Hong Kong,CMA CGM,Kochi,Chennai,2023-08-30,2023-09-01
CNT00056,CMA CGM Jacques,Hapag-Lloyd,Kochi,Kolkata,2023-12-12,2023-12-18
CNT00057,Maersk Alabama,CMA CGM,Mumbai,Chennai,2024-07-18,2024-07-20
CNT00058,Maersk Alabama,MSC,Kolkata,,2023-12-06,2023-12-11
CNT00059,Maersk Alabama,Maersk,Chennai,Vizag,2023-04-02,2023-04-07
CNT00060,OOCL Hong Kong,MSC,Mumbai,Kochi,2024-01-02,2024-01-04
CNT00061,Ever Given,,Mundra,Vizag,2024-03-30,2024-04-05
CNT00062,Ever Given,Hapag-Lloyd,Kolkata,Mundra,2024-03-03,2024-04-10
CNT00063,MSC Anna,CMA CGM,Vizag,Vizag,2024-05-23,2024-05-30
CNT00064,Ever Given,ONE,Kolkata,Vizag,2023-02-04,
CNT00065,Maersk Alabama,CMA CGM,Mundra,Mundra,2023-07-25,2023-07-28
CNT00066,Maersk Alabama,Maersk,Mundra,Kolkata,2023-03-22,2023-03-22
CNT00067,Maersk Alabama,Maersk,Mundra,Mundra,2024-07-15,2024-07-18
CNT00068,MSC Anna,Maersk,Chennai,Kochi,2024-01-23,2024-01-29
CNT00069,Maersk Alabama,CMA CGM,Kochi,Vizag,2023-01-02,2023-01-12
CNT00070,Ever Given,ONE,Kolkata,Mundra,2024-01-25,
CNT00071,OOCL Hong Kong,Maersk,Kochi,Vizag,2024-07-19,2024-07-24
CNT00072,OOCL Hong Kong,ONE,Kochi,Kochi,2023-04-16,2023-04-24
CNT00073,CMA CGM Jacques,CMA CGM,Vizag,Chennai,2024-04-21,
CNT00074,Ever Given,ONE,Mundra,Kochi,2024-12-03,2024-12-07
CNT00075,Maersk Alabama,CMA CGM,Chennai,Mumbai,2024-02-06,2024-02-16
CNT00076,OOCL Hong Kong,CMA CGM,Vizag,Mumbai,2024-12-30,2025-01-05
CNT00077,Ever Given,Hapag-Lloyd,Mumbai,Mumbai,2024-07-09,2024-07-09
CNT00078,OOCL Hong Kong,CMA CGM,Chennai,Vizag,2023-06-11,2023-06-14
CNT00079,Maersk Alabama,CMA CGM,Kochi,Kolkata,2023-07-21,2023-07-26
CNT00080,OOCL Hong Kong,MSC,Chennai,Kolkata,2023-09-27,2023-09-28
CNT00081,CMA CGM Jacques,Maersk,Mundra,Kolkata,2023-09-28,2023-10-07
CNT00082,CMA CGM Jacques,Hapag-Lloyd,Mumbai,Vizag,2024-03-31,2024-04-04
CNT00083,OOCL Hong Kong,Hapag-Lloyd,Mundra,Kochi,2024-04-06,2024-04-16
CNT00084,Ever Given,Hapag-Lloyd,Mumbai,Kolkata,2024-12-27,2025-01-05
CNT00085,Ever Given,MSC,Vizag,Chennai,2023-09-09,2023-09-09
CNT00086,Ever Given,CMA CGM,Kochi,Mumbai,2024-12-02,2024-12-07
CNT00087,OOCL Hong Kong,Maersk,Mumbai,Kochi,2023-10-23,2023-10-28
CNT00088,Ever Given,ONE,Mumbai,Mumbai,2024-12-25,2024-12-28
CNT00089,Maersk Alabama,CMA CGM,Mumbai,Kolkata,2024-12-20,2024-12-27
CNT00090,CMA CGM Jacques,MSC,Chennai,Kochi,2023-12-04,2023-12-07
CNT00091,Maersk Alabama,CMA CGM,Vizag,Mundra,2023-02-22,2023-04-17
CNT00092,Ever Given,CMA CGM,Chennai,Chennai,2023-08-05,2023-08-12
CNT00093,Maersk Alabama,MSC,Kochi,Kolkata,2023-07-07,2023-07-11
CNT00094,Ever Given,Hapag-Lloyd,Mumbai,Kolkata,2024-01-15,2024-01-18
CNT00095,OOCL Hong Kong,Hapag-Lloyd,Vizag,Chennai,2024-05-07,2024-05-08
CNT00096,Maersk Alabama,Maersk,Vizag,Chennai,2023-02-10,2023-02-20
CNT00097,OOCL Hong Kong,Maersk,Kolkata,Mundra,2023-06-06,2023-06-08
CNT00098,OOCL Hong Kong,Hapag-Lloyd,,Kolkata,2023-01-15,2023-01-17
CNT00099,MSC Anna,ONE,Vizag,Vizag,2023-03-06,2023-03-09
CNT00100,Ever Given,CMA CGM,Mumbai,Kolkata,2024-06-04,2024-06-07
CNT00101,CMA CGM Jacques,ONE,Mumbai,Mumbai,2023-12-10,2023-12-19
CNT00102,Ever Given,CMA CGM,Vizag,Kochi,2023-05-09,2023-05-19
CNT00103,CMA CGM Jacques,Hapag-Lloyd,Chennai,,2024-10-09,2024-10-19
CNT00104,Ever Given,Maersk,Kochi,Mumbai,2024-04-16,2024-04-20
CNT00105,OOCL Hong Kong,Maersk,Mumbai,Kochi,2023-03-04,2023-03-07
CNT00106,Maersk Alabama,ONE,Vizag,Chennai,2023-05-19,2023-05-29
CNT00107,Maersk Alabama,Maersk,Mumbai,Kochi,2024-05-13,2024-05-22
CNT00108,MSC Anna,Hapag-Lloyd,Vizag,Kochi,2024-08-15,2024-08-22
CNT00109,CMA CGM Jacques,ONE,Kochi,Mumbai,2024-01-27,2024-02-01
CNT00110,CMA CGM Jacques,CMA CGM,Vizag,Mundra,2024-11-05,2024-11-10
CNT00111,CMA CGM Jacques,Maersk,Kolkata,Kochi,2024-02-23,2024-03-01
CNT00112,OOCL Hong Kong,MSC,Vizag,Vizag,2023-10-16,2023-10-22
CNT00113,,Maersk,Vizag,Kochi,2024-01-14,2024-01-23
CNT00114,Maersk Alabama,CMA CGM,Kochi,Mundra,2024-05-04,2024-05-14
CNT00115,OOCL Hong Kong,ONE,Vizag,Mumbai,2023-08-19,2023-08-28
CNT00116,Ever Given,CMA CGM,Kochi,Mundra,2023-02-10,2023-02-17
CNT00117,CMA CGM Jacques,MSC,Kolkata,Mumbai,2023-01-28,2023-01-29
CNT00118,CMA CGM Jacques,Hapag-Lloyd,Kochi,Chennai,2023-05-15,2023-05-23
CNT00119,Ever Given,Maersk,Mumbai,Mumbai,2023-07-20,2023-07-20
CNT00120,CMA CGM Jacques,ONE,Kochi,Chennai,2023-02-02,2023-02-09
CNT00121,Ever Given,Hapag-Lloyd,Kolkata,Chennai,2023-02-17,2023-02-27
CNT00122,OOCL Hong Kong,CMA CGM,Mundra,Mumbai,2024-05-17,2024-05-20
CNT00123,Maersk Alabama,ONE,Vizag,Vizag,2024-02-11,2024-03-30
CNT00124,Ever Given,Hapag-Lloyd,Kochi,Kolkata,2024-07-27,2024-07-31
CNT00125,MSC Anna,ONE,Vizag,Mumbai,2024-12-28,2025-02-16
CNT00126,Ever Given,MSC,Chennai,Kochi,2023-04-09,2023-04-13
CNT00127,CMA CGM Jacques,MSC,Mumbai,Vizag,2024-11-14,2024-11-21
CNT00128,OOCL Hong Kong,Maersk,Mumbai,Vizag,2024-12-26,2025-01-04
CNT00129,OOCL Hong Kong,Maersk,Chennai,Kochi,2024-06-30,2024-06-30
CNT00130,Ever Given,MSC,Chennai,Kolkata,2024-09-04,2024-09-13
CNT00131,Maersk Alabama,ONE,Kochi,Vizag,2024-04-06,2024-04-14
CNT00132,MSC Anna,MSC,Chennai,Chennai,2024-10-04,2024-10-09
CNT00133,OOCL Hong Kong,Maersk,Mundra,,2023-01-05,2023-01-07
CNT00134,CMA CGM Jacques,MSC,Vizag,Kochi,2023-08-06,2023-08-13
CNT00135,CMA CGM Jacques,MSC,Vizag,Kolkata,2024-05-17,2024-05-25
CNT00136,Maersk Alabama,ONE,Kolkata,Mumbai,2024-02-02,2024-02-07
CNT00137,OOCL Hong Kong,Hapag-Lloyd,Chennai,Kolkata,2024-01-28,2024-02-07
CNT00138,Ever Given,Maersk,Chennai,Chennai,2023-07-26,2023-08-01
CNT00139,CMA CGM Jacques,ONE,Mundra,Mumbai,2023-01-15,2023-01-15
CNT00140,Maersk Alabama,MSC,Mumbai,Mundra,2024-07-07,2024-07-11
CNT00141,OOCL Hong Kong,MSC,Mumbai,Kochi,2024-04-05,2024-04-09
CNT00142,OOCL Hong Kong,Hapag-Lloyd,Vizag,Kochi,2024-11-21,2024-11-30
CNT00143,OOCL Hong Kong,Maersk,Vizag,Kolkata,2024-07-28,
CNT00144,OOCL Hong Kong,Maersk,Kochi,Vizag,2023-08-29,2023-09-03
CNT00145,OOCL Hong Kong,CMA CGM,Mundra,Mumbai,2024-07-17,2024-07-23
CNT00146,CMA CGM Jacques,Maersk,Kolkata,Mundra,2023-04-06,2023-04-14
CNT00147,Maersk Alabama,Hapag-Lloyd,Kolkata,Mumbai,2024-04-29,2024-04-29
CNT00148,OOCL Hong Kong,CMA CGM,Mundra,Kochi,2024-02-11,2024-02-16
CNT00149,MSC Anna,CMA CGM,Kolkata,Mumbai,2023-08-19,2023-08-25
CNT00150,MSC Anna,MSC,Mumbai,Mundra,2024-10-16,2024-10-18
CNT00151,Maersk Alabama,MSC,,,2023-06-20,2023-06-27
CNT00152,Ever Given,Maersk,Kolkata,Kolkata,2024-06-24,2024-06-28
CNT00153,Ever Given,CMA CGM,Mundra,,2023-02-05,2023-02-13
CNT00154,Ever Given,MSC,Mundra,Mumbai,2024-06-08,2024-06-12
CNT00155,MSC Anna,Hapag-Lloyd,Kolkata,Chennai,2023-06-09,2023-06-17
CNT00156,Ever Given,MSC,Chennai,Kochi,2024-11-29,2024-12-08
CNT00157,CMA CGM Jacques,MSC,Mundra,Kolkata,2023-08-31,2023-09-03
CNT00158,OOCL Hong Kong,CMA CGM,Kochi,Kolkata,2023-03-27,2023-04-04
CNT00159,MSC Anna,CMA CGM,Kochi,Mumbai,2024-07-31,2024-08-04
CNT00160,Maersk Alabama,ONE,Mumbai,Vizag,2024-11-12,2024-11-21
CNT00161,Maersk Alabama,Hapag-Lloyd,Kolkata,Kolkata,2024-07-10,2024-07-18
CNT00162,OOCL Hong Kong,CMA CGM,Chennai,Mumbai,2024-07-27,2024-07-29
CNT00163,MSC Anna,Maersk,Mumbai,Mumbai,2024-10-07,2024-10-10
CNT00164,Ever Given,Hapag-Lloyd,Kolkata,Chennai,2023-01-28,2023-02-05
CNT00165,Ever Given,Hapag-Lloyd,Mundra,Kolkata,2024-09-11,2024-09-20
CNT00166,CMA CGM Jacques,CMA CGM,Kochi,Mumbai,2024-07-09,2024-07-19
CNT00167,CMA CGM Jacques,Hapag-Lloyd,Vizag,Chennai,2023-12-06,2023-12-11
CNT00168,Ever Given,CMA CGM,Chennai,Mundra,2023-11-27,2023-11-28
CNT00169,Maersk Alabama,MSC,Vizag,Chennai,2024-10-01,2024-10-07
CNT00170,Maersk Alabama,ONE,Kochi,Chennai,2024-05-20,2024-05-21
CNT00171,CMA CGM Jacques,MSC,Vizag,Mumbai,2023-12-14,2023-12-24
CNT00172,OOCL Hong Kong,CMA CGM,Mundra,Kochi,2024-04-17,2024-04-18
CNT00173,Ever Given,CMA CGM,Kolkata,Kochi,2023-08-19,2023-08-29
CNT00174,CMA CGM Jacques,MSC,Mundra,Vizag,2023-07-09,2023-07-09
CNT00175,,Maersk,Vizag,Kochi,2023-08-13,2023-08-23
CNT00176,Ever Given,Maersk,Mundra,Chennai,2024-01-20,2024-01-30
CNT00177,Ever Given,Maersk,Kochi,Vizag,2024-01-12,2024-03-11
CNT00178,Maersk Alabama,CMA CGM,Chennai,Mumbai,2023-10-10,2023-10-12
CNT00179,OOCL Hong Kong,Hapag-Lloyd,Mundra,Kolkata,2024-09-24,2024-09-29
CNT00180,OOCL Hong Kong,CMA CGM,,Chennai,2024-09-19,2024-09-26
CNT00181,Ever Given,Hapag-Lloyd,,Chennai,2023-09-16,2023-09-24
CNT00182,MSC Anna,MSC,Kolkata,Vizag,2023-12-25,2023-12-31
CNT00183,CMA CGM Jacques,ONE,Vizag,Mumbai,2024-12-10,2024-12-13
CNT00184,CMA CGM Jacques,Hapag-Lloyd,Kolkata,Mundra,2024-03-31,2024-04-05
CNT00185,Ever Given,Maersk,Mumbai,Chennai,2024-02-15,2024-02-19
CNT00186,MSC Anna,CMA CGM,Kochi,Mundra,2024-10-10,2024-10-17
CNT00187,Maersk Alabama,MSC,Chennai,Mundra,2023-11-14,2023-11-14
CNT00188,Ever Given,Maersk,Mundra,Kochi,2024-11-07,
CNT00189,Ever Given,MSC,Kolkata,Mumbai,2023-08-13,2023-08-23
CNT00190,CMA CGM Jacques,ONE,Chennai,Mundra,2023-08-22,2023-08-27
CNT00191,Ever Given,CMA CGM,Kochi,Mumbai,2024-11-14,2024-11-23
CNT00192,Ever Given,CMA CGM,Mumbai,Kochi,2024-10-25,2024-10-26
CNT00193,Ever Given,ONE,Kolkata,Mumbai,2024-01-09,2024-01-13
CNT00194,CMA CGM Jacques,CMA CGM,Vizag,Chennai,2024-11-02,2024-12-13
CNT00195,Maersk Alabama,Hapag-Lloyd,Chennai,Mundra,2024-08-30,2024-10-24
CNT00196,Maersk Alabama,MSC,Vizag,Mumbai,2024-04-16,2024-04-16
CNT00197,Ever Given,Maersk,Chennai,Kolkata,2023-08-21,2023-08-24
CNT00198,CMA CGM Jacques,ONE,Chennai,Mumbai,2024-11-22,2024-11-30
CNT00199,Maersk Alabama,Hapag-Lloyd,Kochi,Mundra,2023-04-23,2023-04-23
CNT00200,Maersk Alabama,Maersk,Kochi,Kochi,2024-05-11,2024-05-14
CNT00201,Maersk Alabama,Maersk,Kochi,Kochi,2024-03-17,2024-03-22
CNT00202,CMA CGM Jacques,ONE,Mundra,Mundra,2024-07-17,2024-07-22
CNT00203,CMA CGM Jacques,Hapag-Lloyd,Chennai,Chennai,2023-09-25,2023-10-02
CNT00204,Ever Given,Maersk,Kolkata,Chennai,2024-05-24,2024-07-13
CNT00205,OOCL Hong Kong,Maersk,Vizag,Kochi,2024-01-21,2024-01-27
CNT00206,Maersk Alabama,Hapag-Lloyd,Kochi,Kochi,2024-01-22,2024-01-22
CNT00207,OOCL Hong Kong,CMA CGM,Kochi,Mundra,2023-04-23,2023-04-29
CNT00208,CMA CGM Jacques,Maersk,Vizag,Chennai,2024-09-04,2024-09-06
CNT00209,CMA CGM Jacques,MSC,Vizag,Kochi,2024-09-16,2024-09-26
CNT00210,CMA CGM Jacques,Hapag-Lloyd,Chennai,Chennai,2023-03-22,2023-03-29
CNT00211,OOCL Hong Kong,Maersk,Kochi,Kochi,2024-11-29,2024-12-01
CNT00212,CMA CGM Jacques,ONE,Vizag,Mumbai,2023-04-23,2023-04-23
CNT00213,Ever Given,MSC,Mundra,Kolkata,2023-01-02,2023-01-09
CNT00214,CMA CGM Jacques,Maersk,Mundra,Vizag,2024-10-03,2024-10-05
CNT00215,MSC Anna,MSC,Kochi,Mumbai,2023-08-08,2023-08-09
CNT00216,OOCL Hong Kong,MSC,Vizag,Vizag,2024-07-19,2024-07-19
CNT00217,MSC Anna,CMA CGM,Chennai,Kochi,2023-08-13,2023-08-15
CNT00218,CMA CGM Jacques,MSC,Chennai,Kolkata,2024-01-20,2024-01-21
CNT00219,Ever Given,CMA CGM,Chennai,Kolkata,2024-02-07,2024-02-08
CNT00220,Maersk Alabama,Hapag-Lloyd,Mumbai,Kochi,2024-09-29,2024-10-04
CNT00221,CMA CGM Jacques,CMA CGM,Kochi,Kochi,2023-05-10,2023-05-10
CNT00222,Ever Given,ONE,Chennai,Chennai,2023-02-22,2023-02-23
CNT00223,OOCL Hong Kong,Maersk,Mundra,Kochi,2024-11-14,2024-11-19
CNT00224,MSC Anna,Hapag-Lloyd,Vizag,Mundra,2024-12-30,2025-01-01
CNT00225,MSC Anna,Hapag-Lloyd,Kolkata,Kochi,2024-11-02,2024-11-05
CNT00226,MSC Anna,ONE,,Mundra,2024-12-10,2024-12-10
CNT00227,OOCL Hong Kong,CMA CGM,Chennai,Kochi,2024-02-20,2024-02-27
CNT00228,Ever Given,Maersk,Kolkata,Chennai,2023-09-04,2023-09-10
CNT00229,OOCL Hong Kong,CMA CGM,Kolkata,Mundra,2024-03-14,2024-03-20
CNT00230,MSC Anna,MSC,Mumbai,Mumbai,2023-07-22,2023-07-24
CNT00231,CMA CGM Jacques,CMA CGM,Mundra,Mundra,2023-07-03,2023-07-12
CNT00232,Maersk Alabama,Hapag-Lloyd,Mundra,Chennai,2023-05-03,2023-05-12
CNT00233,OOCL Hong Kong,Maersk,Mumbai,Vizag,2024-02-05,2024-02-07
CNT00234,OOCL Hong Kong,CMA CGM,Mumbai,Mundra,2023-10-21,2023-10-22
CNT00235,Ever Given,Maersk,Kolkata,Kochi,2023-10-07,2023-10-07
CNT00236,Ever Given,Maersk,Kochi,Kochi,2024-09-01,2024-09-07
CNT00237,OOCL Hong Kong,MSC,Vizag,Vizag,2023-07-17,2023-07-23
CNT00238,MSC Anna,MSC,Vizag,Chennai,2024-05-25,2024-05-26
CNT00239,Maersk Alabama,Hapag-Lloyd,Kolkata,Kolkata,2023-05-24,2023-05-30
CNT00240,Ever Given,ONE,Vizag,Kochi,2024-08-31,2024-09-07
CNT00241,MSC Anna,Maersk,Mumbai,Mumbai,2023-07-20,2023-07-20
CNT00242,CMA CGM Jacques,ONE,,Chennai,2023-05-04,2023-05-12
CNT00243,Ever Given,Hapag-Lloyd,,Mundra,2023-07-06,2023-07-12
CNT00244,,Maersk,Kolkata,Mundra,2023-11-22,2023-11-24
CNT00245,MSC Anna,,Kochi,Mumbai,2024-04-08,2024-04-15
CNT00246,Maersk Alabama,ONE,Kolkata,,2023-12-15,2023-12-21
CNT00247,Maersk Alabama,CMA CGM,Chennai,Chennai,2024-10-21,2024-10-31
CNT00248,CMA CGM Jacques,MSC,Kolkata,Mumbai,2024-02-07,
CNT00249,MSC Anna,CMA CGM,Mumbai,Kochi,2023-12-12,2023-12-17
CNT00250,MSC Anna,ONE,Mundra,Chennai,2024-05-25,2024-06-02
CNT00251,Maersk Alabama,MSC,Mundra,Mundra,2023-05-27,2023-05-31
CNT00252,Ever Given,CMA CGM,Vizag,Chennai,2023-05-28,2023-05-30
CNT00253,Ever Given,MSC,Mumbai,Vizag,2024-12-11,2024-12-13
CNT00254,OOCL Hong Kong,Maersk,Chennai,Kolkata,2024-05-03,2024-05-03
CNT00255,Maersk Alabama,CMA CGM,Mumbai,Chennai,2024-10-01,2024-10-08
CNT00256,OOCL Hong Kong,MSC,Kolkata,Kolkata,2024-07-04,2024-07-05
CNT00257,,MSC,Mumbai,Chennai,2023-12-04,2023-12-06
CNT00258,CMA CGM Jacques,MSC,Mumbai,Kolkata,2024-10-02,2024-10-09
CNT00259,MSC Anna,CMA CGM,,Vizag,2024-04-17,2024-04-24
CNT00260,CMA CGM Jacques,Hapag-Lloyd,Kolkata,Mundra,2023-05-31,2023-06-10
CNT00261,Maersk Alabama,CMA CGM,Kochi,Kochi,2024-02-19,
CNT00262,MSC Anna,ONE,Kochi,Kolkata,2023-10-25,2023-10-28
CNT00263,Ever Given,CMA CGM,Mundra,Vizag,2024-09-02,2024-09-06
CNT00264,Ever Given,MSC,Vizag,Kolkata,2023-09-20,2023-09-25
CNT00265,OOCL Hong Kong,Maersk,Mumbai,Mundra,2023-05-24,2023-05-28
CNT00266,Maersk Alabama,,Mundra,Kolkata,2023-12-12,2023-12-18
CNT00267,Maersk Alabama,CMA CGM,Chennai,Vizag,2024-09-15,2024-09-16
CNT00268,Ever Given,MSC,Kochi,Vizag,2024-07-25,2024-07-31
CNT00269,CMA CGM Jacques,Maersk,Mumbai,Mumbai,2023-01-02,2023-01-11
CNT00270,MSC Anna,Maersk,Chennai,Mundra,2023-10-31,2023-12-03
CNT00271,CMA CGM Jacques,ONE,Vizag,Mumbai,2023-09-11,2023-09-11
CNT00272,CMA CGM Jacques,CMA CGM,Chennai,Mundra,2024-10-13,2024-10-19
CNT00273,Ever Given,Maersk,Mumbai,Kolkata,2024-03-28,2024-04-01
CNT00274,Ever Given,Maersk,Vizag,Vizag,2023-02-06,2023-02-08
CNT00275,Ever Given,Hapag-Lloyd,Chennai,Mumbai,2023-06-09,2023-06-11
CNT00276,OOCL Hong Kong,Hapag-Lloyd,Vizag,Kolkata,2023-01-09,2023-03-17
CNT00277,CMA CGM Jacques,Maersk,Mumbai,Vizag,2023-08-21,
CNT00278,Maersk Alabama,ONE,Mumbai,Mundra,2023-04-09,2023-04-10
CNT00279,MSC Anna,Maersk,Vizag,Vizag,2024-10-20,2024-10-20
CNT00280,OOCL Hong Kong,MSC,Kolkata,Kolkata,2023-07-27,2023-07-31
CNT00281,Maersk Alabama,CMA CGM,Mundra,Mumbai,2023-05-11,2023-05-14
CNT00282,CMA CGM Jacques,ONE,Chennai,Mumbai,2024-02-08,2024-02-18
CNT00283,Ever Given,MSC,Chennai,Vizag,2023-06-01,
CNT00284,CMA CGM Jacques,ONE,Kolkata,Kolkata,2023-02-23,2023-02-24
CNT00285,MSC Anna,MSC,Kolkata,Chennai,2023-04-30,2023-05-02
CNT00286,OOCL Hong Kong,CMA CGM,Kolkata,Mundra,2024-11-03,2024-11-09
CNT00287,OOCL Hong Kong,CMA CGM,Kochi,Mundra,2024-09-19,2024-09-25
CNT00288,MSC Anna,Hapag-Lloyd,,Kolkata,2024-08-09,2024-08-12
CNT00289,Maersk Alabama,MSC,Vizag,Chennai,2024-09-16,2024-09-20
CNT00290,Maersk Alabama,Hapag-Lloyd,Kochi,Mumbai,2024-02-24,2024-02-28
CNT00291,OOCL Hong Kong,MSC,Mumbai,Kochi,2024-02-26,2024-03-02
CNT00292,OOCL Hong Kong,Hapag-Lloyd,Vizag,Kochi,2023-04-14,2023-04-22
CNT00293,Ever Given,CMA CGM,Chennai,Kolkata,2023-09-11,2023-09-12
CNT00294,Maersk Alabama,ONE,Mundra,Chennai,2023-08-15,2023-08-19
CNT00295,MSC Anna,Hapag-Lloyd,Mumbai,Chennai,2023-04-22,2023-04-24
CNT00296,Maersk Alabama,MSC,Chennai,Mundra,2024-05-24,2024-05-27
CNT00297,Ever Given,MSC,Chennai,Mumbai,2024-04-17,2024-04-26
CNT00298,OOCL Hong Kong,CMA CGM,Vizag,Vizag,2023-04-09,2023-04-14
CNT00299,OOCL Hong Kong,MSC,Kolkata,Chennai,2023-06-02,2023-06-09
CNT00300,Ever Given,Maersk,Kolkata,Vizag,2023-12-04,2023-12-04
CNT00301,MSC Anna,ONE,Mumbai,Kochi,2024-12-06,2024-12-15
CNT00302,OOCL Hong Kong,Hapag-Lloyd,Kolkata,,2023-06-12,2023-06-19
CNT00303,CMA CGM Jacques,ONE,Chennai,Mumbai,2024-12-20,2024-12-30
CNT00304,OOCL Hong Kong,CMA CGM,Kolkata,Mumbai,2024-11-11,2024-11-17
CNT00305,CMA CGM Jacques,Hapag-Lloyd,Kochi,,2023-06-10,2023-06-10
CNT00306,Ever Given,Hapag-Lloyd,Kolkata,Kolkata,2024-08-02,2024-08-03
CNT00307,Ever Given,Maersk,,Chennai,2024-02-02,2024-02-04
CNT00308,OOCL Hong Kong,,Vizag,Kolkata,2023-10-04,2023-10-04
CNT00309,Maersk Alabama,MSC,Mumbai,Vizag,2024-05-18,2024-05-26
CNT00310,CMA CGM Jacques,Maersk,Mundra,Chennai,2024-01-27,2024-02-03
CNT00311,MSC Anna,Maersk,Kolkata,Mundra,2023-05-15,2023-05-16
CNT00312,OOCL Hong Kong,,Chennai,Kolkata,2023-07-14,2023-07-22
CNT00313,MSC Anna,ONE,Mundra,Kolkata,2024-02-05,2024-02-11
CNT00314,OOCL Hong Kong,,Mundra,Vizag,2024-10-01,2024-10-09
CNT00315,Maersk Alabama,Maersk,Kochi,Kochi,2023-02-02,2023-02-07
CNT00316,,MSC,Mundra,Vizag,2024-11-18,2024-11-23
CNT00317,Maersk Alabama,Hapag-Lloyd,Vizag,Kolkata,2024-04-04,2024-06-27
CNT00318,Maersk Alabama,ONE,Chennai,Chennai,2024-04-14,2024-04-17
CNT00319,Ever Given,MSC,Chennai,Kochi,2024-01-10,2024-04-05
CNT00320,Ever Given,CMA CGM,Kolkata,Vizag,2023-01-22,2023-01-31
CNT00321,CMA CGM Jacques,ONE,Kolkata,Vizag,2024-10-31,2024-11-01
CNT00322,MSC Anna,Hapag-Lloyd,Kolkata,Kolkata,2023-02-07,2023-02-13
CNT00323,OOCL Hong Kong,CMA CGM,Vizag,Kolkata,2023-08-18,2023-11-15
CNT00324,OOCL Hong Kong,CMA CGM,Mundra,Mundra,2023-12-31,2024-01-10
CNT00325,Ever Given,Hapag-Lloyd,Mundra,Vizag,2024-07-16,2024-07-21
CNT00326,OOCL Hong Kong,ONE,Kochi,Kolkata,2024-03-13,2024-03-14
CNT00327,Ever Given,,Vizag,Mumbai,2023-10-10,2023-10-14
CNT00328,CMA CGM Jacques,Hapag-Lloyd,Kolkata,Kochi,2023-01-27,2023-02-05
CNT00329,MSC Anna,Hapag-Lloyd,Mumbai,Mumbai,2023-08-14,2023-08-17
CNT00330,CMA CGM Jacques,Hapag-Lloyd,Kochi,Kochi,2023-10-04,2023-10-12
CNT00331,,CMA CGM,Mumbai,Vizag,2024-08-31,2024-09-05
CNT00332,Maersk Alabama,MSC,Mundra,Mundra,2023-10-11,2023-12-27
CNT00333,Maersk Alabama,Maersk,Kochi,Kolkata,2024-04-25,2024-04-25
CNT00334,CMA CGM Jacques,ONE,Kochi,Kolkata,2024-03-28,2024-04-01
CNT00335,OOCL Hong Kong,ONE,Chennai,Kolkata,2024-10-20,2024-10-28
CNT00336,MSC Anna,MSC,Mundra,Vizag,2024-05-30,2024-06-04
CNT00337,Maersk Alabama,Hapag-Lloyd,Mundra,Kochi,2024-06-30,2024-07-09
CNT00338,Maersk Alabama,Maersk,Vizag,Kolkata,2023-07-11,2023-07-17
CNT00339,Maersk Alabama,ONE,Kochi,Mumbai,2023-02-18,2023-02-22
CNT00340,MSC Anna,ONE,Mundra,Kolkata,2024-05-26,2024-06-04
CNT00341,Maersk Alabama,Hapag-Lloyd,Kochi,Vizag,2023-01-17,2023-01-22
CNT00342,MSC Anna,MSC,Vizag,Mundra,2023-06-21,2023-06-25
CNT00343,Maersk Alabama,Maersk,Vizag,,2023-08-08,2023-08-18
CNT00344,CMA CGM Jacques,MSC,Chennai,Kolkata,2023-06-07,2023-06-15
CNT00345,,MSC,Kochi,Kolkata,2024-04-21,2024-04-26
CNT00346,MSC Anna,Maersk,Mundra,Chennai,2023-02-15,2023-02-25
CNT00347,CMA CGM Jacques,Maersk,Mundra,Kochi,2024-01-08,2024-01-15
CNT00348,MSC Anna,ONE,,Mumbai,2024-06-01,2024-06-02
CNT00349,CMA CGM Jacques,ONE,Kochi,Chennai,2023-04-09,2023-04-17
CNT00350,CMA CGM Jacques,Maersk,Kochi,Mundra,2023-02-06,2023-02-10
CNT00351,MSC Anna,CMA CGM,Kolkata,Kochi,2023-10-07,2023-10-13
CNT00352,OOCL Hong Kong,ONE,Mundra,Mumbai,2023-12-15,2023-12-24
CNT00353,CMA CGM Jacques,CMA CGM,Vizag,Kolkata,2024-05-11,2024-05-11
CNT00354,Maersk Alabama,Maersk,Mundra,Mumbai,2023-10-29,2023-11-07
CNT00355,OOCL Hong Kong,ONE,Kolkata,Kolkata,2023-06-30,2023-07-04
CNT00356,MSC Anna,MSC,Kochi,Kochi,2024-08-29,2024-09-07
CNT00357,OOCL Hong Kong,Maersk,,Kolkata,2023-04-09,2023-04-10
CNT00358,Ever Given,Hapag-Lloyd,Kochi,Mundra,2024-11-30,2024-12-05
CNT00359,Ever Given,CMA CGM,Kochi,Vizag,2023-04-26,2023-05-06
CNT00360,,Maersk,Kolkata,Kolkata,2023-07-10,2023-07-10
CNT00361,,Maersk,Mundra,Mundra,2023-09-10,2023-09-12
CNT00362,Maersk Alabama,ONE,Kochi,,2023-06-10,2023-06-14
CNT00363,,ONE,Mundra,Kochi,2023-09-13,2023-09-16
CNT00364,Ever Given,ONE,Mumbai,Kochi,2023-11-19,2023-11-21
CNT00365,CMA CGM Jacques,Hapag-Lloyd,Vizag,Mumbai,2023-05-08,2023-05-17
CNT00366,OOCL Hong Kong,ONE,Mundra,Mundra,2023-01-18,2023-01-22
CNT00367,CMA CGM Jacques,Maersk,Chennai,Mundra,2024-07-19,2024-07-29
CNT00368,CMA CGM Jacques,ONE,Vizag,,2024-07-23,2024-07-30
CNT00369,Ever Given,MSC,Chennai,Chennai,2023-11-19,2023-11-29
CNT00370,Ever Given,ONE,Kochi,Vizag,2024-11-16,2024-11-19
CNT00371,CMA CGM Jacques,Hapag-Lloyd,Vizag,Vizag,2024-09-17,2024-09-17
CNT00372,MSC Anna,MSC,Mundra,Chennai,2023-10-15,2023-10-25
CNT00373,CMA CGM Jacques,Maersk,Vizag,Vizag,2024-10-24,2024-10-30
CNT00374,CMA CGM Jacques,Maersk,Kochi,Kolkata,2024-09-30,2024-10-07
CNT00375,Maersk Alabama,CMA CGM,Kolkata,Chennai,2023-06-04,
CNT00376,Maersk Alabama,MSC,Chennai,Mundra,2024-05-04,2024-05-09
CNT00377,Maersk Alabama,CMA CGM,Kochi,Kolkata,2024-01-21,2024-01-22
CNT00378,MSC Anna,MSC,Kolkata,Vizag,2023-04-14,2023-04-20
CNT00379,MSC Anna,MSC,Vizag,Kochi,2024-01-28,2024-02-04
CNT00380,CMA CGM Jacques,Hapag-Lloyd,Vizag,Mumbai,2023-09-03,2023-09-08
CNT00381,Maersk Alabama,CMA CGM,Kochi,Chennai,2023-06-25,2023-06-30
CNT00382,MSC Anna,Hapag-Lloyd,Mundra,Kochi,2023-02-08,2023-02-12
CNT00383,Ever Given,MSC,Vizag,Vizag,2024-04-21,2024-04-28
CNT00384,CMA CGM Jacques,Maersk,Mundra,Mundra,2024-11-12,2024-11-12
CNT00385,OOCL Hong Kong,,Mundra,Mumbai,2024-06-21,2024-06-30
CNT00386,CMA CGM Jacques,Hapag-Lloyd,Mundra,Kochi,2024-02-12,
CNT00387,OOCL Hong Kong,CMA CGM,Mumbai,Mumbai,2024-06-08,2024-06-11
CNT00388,Maersk Alabama,CMA CGM,Kolkata,Chennai,2024-05-20,2024-05-22
CNT00389,OOCL Hong Kong,Hapag-Lloyd,Kolkata,Vizag,2023-02-05,2023-02-07
CNT00390,Maersk Alabama,CMA CGM,Vizag,Mundra,2024-11-15,2024-11-18
CNT00391,Ever Given,ONE,Vizag,Vizag,2023-01-20,2023-01-30
CNT00392,OOCL Hong Kong,Maersk,,Mumbai,2023-11-17,2023-11-17
CNT00393,CMA CGM Jacques,Maersk,Mumbai,Kochi,2024-05-26,2024-06-05
CNT00394,Maersk Alabama,Maersk,Mundra,Chennai,2024-02-04,2024-02-14
CNT00395,CMA CGM Jacques,CMA CGM,Mumbai,Chennai,2024-10-15,2024-10-16
CNT00396,MSC Anna,CMA CGM,Mundra,Vizag,2024-04-15,2024-04-23
CNT00397,Maersk Alabama,MSC,Chennai,Kochi,2023-05-23,2023-06-01
CNT00398,OOCL Hong Kong,MSC,Chennai,Kochi,2023-04-02,2023-05-29
CNT00399,Maersk Alabama,Maersk,Kochi,Mumbai,2023-12-20,2023-12-24
CNT00400,CMA CGM Jacques,ONE,Mundra,Vizag,2024-12-27,2025-01-04
CNT00401,,MSC,Vizag,Vizag,2023-02-20,2023-02-28
CNT00402,Maersk Alabama,MSC,Kolkata,Kolkata,2024-10-26,2024-11-02
CNT00403,OOCL Hong Kong,CMA CGM,Kochi,Vizag,2024-11-28,2024-11-28
CNT00404,MSC Anna,ONE,Vizag,Chennai,2024-07-28,2024-07-28
CNT00405,Ever Given,Maersk,Chennai,Mumbai,2023-07-09,2023-07-17
CNT00406,MSC Anna,MSC,,Kochi,2023-05-05,2023-05-15
CNT00407,Maersk Alabama,ONE,Kochi,Vizag,2023-05-30,2023-06-06
CNT00408,CMA CGM Jacques,ONE,Mundra,Mumbai,2023-11-10,2023-11-19
CNT00409,CMA CGM Jacques,Maersk,Chennai,Vizag,2024-07-23,2024-07-31
CNT00410,OOCL Hong Kong,ONE,Kochi,Kochi,2023-12-08,2023-12-14
CNT00411,CMA CGM Jacques,ONE,Chennai,Mundra,2023-11-01,2023-12-20
CNT00412,Ever Given,ONE,Mumbai,Kochi,2024-11-22,2024-11-24
CNT00413,CMA CGM Jacques,MSC,Chennai,Kochi,2024-11-12,2024-11-13
CNT00414,OOCL Hong Kong,Maersk,Mundra,Kochi,2023-02-23,2023-02-27
CNT00415,Maersk Alabama,ONE,Kolkata,Vizag,2024-03-19,2024-03-21
CNT00416,Maersk Alabama,ONE,Chennai,Kolkata,2024-09-04,2024-09-09
CNT00417,CMA CGM Jacques,MSC,Vizag,Kochi,2023-09-21,2023-09-22
CNT00418,MSC Anna,Maersk,Kolkata,Chennai,2023-02-22,2023-02-24
CNT00419,Maersk Alabama,CMA CGM,Mumbai,Chennai,2024-07-25,2024-07-29
CNT00420,CMA CGM Jacques,MSC,Kochi,Mumbai,2024-09-11,2024-09-21
CNT00421,OOCL Hong Kong,Maersk,Kochi,Kolkata,2023-01-05,2023-01-15
CNT00422,CMA CGM Jacques,ONE,Kolkata,Mumbai,2023-04-13,2023-04-13
CNT00423,Maersk Alabama,Maersk,Kochi,Chennai,2023-07-15,2023-07-15
CNT00424,OOCL Hong Kong,Maersk,Chennai,Chennai,2023-12-16,2023-12-25
CNT00425,CMA CGM Jacques,Maersk,Kolkata,Mundra,2023-02-16,2023-02-24
CNT00426,Ever Given,CMA CGM,Mundra,Kochi,2024-10-17,2024-12-11
CNT00427,OOCL Hong Kong,Maersk,Chennai,Chennai,2023-09-26,2023-09-26
CNT00428,Ever Given,CMA CGM,Chennai,Vizag,2024-01-05,2024-01-12
CNT00429,MSC Anna,ONE,Chennai,Vizag,2024-09-27,2024-09-29
CNT00430,OOCL Hong Kong,CMA CGM,Mundra,Mumbai,2023-04-16,2023-04-23
CNT00431,Ever Given,ONE,Mumbai,Mumbai,2024-10-31,2024-11-04
CNT00432,Maersk Alabama,ONE,Vizag,Kochi,2024-10-20,2024-10-20
CNT00433,Maersk Alabama,CMA CGM,Kochi,Kochi,2024-10-18,2024-10-24
CNT00434,MSC Anna,MSC,Kolkata,Mundra,2023-04-30,2023-05-04
CNT00435,OOCL Hong Kong,Hapag-Lloyd,Mumbai,Kolkata,2024-08-26,2024-08-31
CNT00436,OOCL Hong Kong,Maersk,Kolkata,Mumbai,2023-02-27,2023-03-04
CNT00437,OOCL Hong Kong,Hapag-Lloyd,Kochi,Kochi,2023-12-12,2023-12-19
CNT00438,MSC Anna,,Mundra,Mumbai,2024-04-18,2024-04-26
CNT00439,OOCL Hong Kong,Maersk,Chennai,Kochi,2023-04-27,2023-04-28
CNT00440,Maersk Alabama,ONE,Chennai,Chennai,2023-05-07,2023-05-15
CNT00441,,Maersk,Mundra,Mumbai,2024-01-28,2024-02-07
CNT00442,Maersk Alabama,Maersk,Mumbai,Chennai,2024-10-02,2024-10-11
CNT00443,Maersk Alabama,CMA CGM,Mumbai,Mumbai,2023-02-27,2023-03-07
CNT00444,Ever Given,Hapag-Lloyd,Kolkata,Kolkata,2024-09-25,2024-10-04
CNT00445,Maersk Alabama,CMA CGM,Mundra,Mundra,2024-05-27,2024-06-05
CNT00446,MSC Anna,Maersk,Mumbai,Vizag,2023-04-06,2023-04-12
CNT00447,Ever Given,ONE,Mundra,,2024-09-29,2024-09-29
CNT00448,,CMA CGM,Kochi,Vizag,2023-04-28,2023-05-04
CNT00449,CMA CGM Jacques,CMA CGM,Chennai,Chennai,2024-07-13,2024-07-22
CNT00450,Maersk Alabama,MSC,Chennai,Kochi,2024-08-23,2024-08-27
CNT00451,MSC Anna,Maersk,Chennai,Vizag,2024-05-02,2024-05-07
CNT00452,OOCL Hong Kong,ONE,Mundra,Kolkata,2023-08-25,2023-09-03
CNT00453,Maersk Alabama,CMA CGM,Mundra,Vizag,2023-09-29,2023-10-05
CNT00454,OOCL Hong Kong,CMA CGM,Kolkata,Mumbai,2023-07-08,2023-07-12
CNT00455,CMA CGM Jacques,ONE,Chennai,Chennai,2024-12-04,2024-12-10
CNT00456,Maersk Alabama,Maersk,,Mumbai,2024-03-22,2024-03-30
CNT00457,,,Chennai,Mumbai,2024-08-03,2024-08-05
CNT00458,OOCL Hong Kong,CMA CGM,Kolkata,Mumbai,2023-09-04,2023-09-11
CNT00459,CMA CGM Jacques,MSC,,Mundra,2023-03-17,2023-03-18
CNT00460,Ever Given,Hapag-Lloyd,Kochi,,2023-06-03,2023-06-13
CNT00461,Ever Given,Maersk,Kolkata,Kochi,2024-10-17,2024-10-23
CNT00462,Ever Given,Hapag-Lloyd,Mundra,Chennai,2024-03-10,2024-03-11
CNT00463,Ever Given,Hapag-Lloyd,Kolkata,Kolkata,2023-03-27,2023-03-30
CNT00464,Maersk Alabama,Hapag-Lloyd,Chennai,Kolkata,2024-11-27,2024-12-03
CNT00465,Maersk Alabama,Maersk,Kolkata,,2023-10-12,2023-10-14
CNT00466,Maersk Alabama,Maersk,Mumbai,Mumbai,2023-08-08,2023-08-09
CNT00467,CMA CGM Jacques,ONE,Vizag,Mundra,2023-03-10,2023-03-20
CNT00468,CMA CGM Jacques,MSC,Chennai,Chennai,2023-02-16,2023-02-25
CNT00469,CMA CGM Jacques,MSC,Mumbai,Mumbai,2023-04-04,2023-04-10
CNT00470,MSC Anna,ONE,Chennai,Mundra,2024-03-28,2024-03-28
CNT00471,CMA CGM Jacques,ONE,Mundra,Mundra,2023-07-23,2023-07-30
CNT00472,Maersk Alabama,Hapag-Lloyd,Vizag,Vizag,2023-08-06,2023-08-08
CNT00473,,ONE,Vizag,Vizag,2024-04-18,2024-04-19
CNT00474,MSC Anna,CMA CGM,Mundra,Chennai,2024-03-07,2024-03-09
CNT00475,MSC Anna,MSC,Vizag,Chennai,2023-12-07,2023-12-11
CNT00476,CMA CGM Jacques,ONE,Mundra,Chennai,2024-07-04,2024-07-14
CNT00477,OOCL Hong Kong,CMA CGM,Mumbai,Mumbai,2024-09-03,2024-09-10
CNT00478,MSC Anna,CMA CGM,Kochi,Kochi,2023-10-16,2023-10-25
CNT00479,Ever Given,CMA CGM,Chennai,Chennai,2023-09-11,2023-09-17
CNT00480,Maersk Alabama,CMA CGM,Mundra,Vizag,2023-12-23,2023-12-29
CNT00481,Ever Given,Hapag-Lloyd,Chennai,Kochi,2023-01-23,2023-01-29
CNT00482,Maersk Alabama,CMA CGM,Mumbai,Mumbai,2024-06-05,2024-06-12
CNT00483,Maersk Alabama,Hapag-Lloyd,Kochi,Kochi,2023-04-10,2023-04-10
CNT00484,MSC Anna,Hapag-Lloyd,Mumbai,Kolkata,2023-06-29,2023-07-02
CNT00485,MSC Anna,CMA CGM,Vizag,Kochi,2023-08-11,2023-08-16
CNT00486,Ever Given,MSC,Chennai,Chennai,2024-10-20,2024-10-28
CNT00487,Maersk Alabama,CMA CGM,Kochi,Mumbai,2024-03-17,2024-03-18
CNT00488,Ever Given,CMA CGM,Vizag,Chennai,2024-08-30,2024-08-30
CNT00489,OOCL Hong Kong,CMA CGM,Kochi,Vizag,2023-11-21,2023-11-30
CNT00490,,MSC,Vizag,Kolkata,2024-05-30,2024-05-31
CNT00491,CMA CGM Jacques,Maersk,Mumbai,Vizag,2023-01-16,2023-01-22
CNT00492,Ever Given,Maersk,Mundra,Chennai,2023-12-02,2023-12-04
CNT00493,CMA CGM Jacques,Hapag-Lloyd,,Chennai,2023-09-15,2023-09-24
CNT00494,CMA CGM Jacques,Hapag-Lloyd,Kolkata,Chennai,2024-05-11,2024-05-12
CNT00495,CMA CGM Jacques,MSC,Kolkata,Mundra,2023-06-09,2023-06-19
CNT00496,OOCL Hong Kong,ONE,Mumbai,Kolkata,2024-04-19,
CNT00497,Ever Given,Maersk,Chennai,Chennai,2024-10-25,2024-10-26
CNT00498,Ever Given,Hapag-Lloyd,Chennai,Chennai,2024-11-20,2024-11-22
CNT00499,OOCL Hong Kong,Maersk,Mumbai,Vizag,2024-11-05,2024-11-15
CNT00500,Maersk Alabama,MSC,Chennai,Vizag,2024-01-15,2024-01-21
CNT00501,MSC Anna,MSC,Mundra,Chennai,2024-06-28,2024-07-01
CNT00502,Ever Given,ONE,Mumbai,Mumbai,2024-11-21,2024-11-21
CNT00503,MSC Anna,ONE,Mundra,Mundra,2024-03-02,2024-03-06
CNT00504,OOCL Hong Kong,MSC,Chennai,Vizag,2024-09-04,2024-09-12
CNT00505,Maersk Alabama,Hapag-Lloyd,Mumbai,Mumbai,2023-09-25,2023-10-02
CNT00506,Maersk Alabama,Maersk,Chennai,Mundra,2024-07-30,2024-08-07
CNT00507,Maersk Alabama,CMA CGM,Mumbai,Chennai,2024-02-21,2024-03-01
CNT00508,OOCL Hong Kong,ONE,Chennai,Kolkata,2023-06-17,2023-06-25
CNT00509,CMA CGM Jacques,CMA CGM,Mundra,Kochi,2023-02-12,2023-02-18
CNT00510,CMA CGM Jacques,Hapag-Lloyd,Mundra,Kochi,2024-07-09,2024-07-12
CNT00511,MSC Anna,ONE,,Chennai,2023-10-12,2023-12-09
CNT00512,CMA CGM Jacques,CMA CGM,Mumbai,Vizag,2024-02-01,2024-02-01
CNT00513,CMA CGM Jacques,Hapag-Lloyd,Kolkata,Mumbai,2023-01-12,2023-01-12
CNT00514,Maersk Alabama,Maersk,Mundra,Kolkata,2024-08-29,2024-08-31
CNT00515,Maersk Alabama,Hapag-Lloyd,Mundra,Mundra,2023-10-29,2023-11-05
CNT00516,MSC Anna,ONE,Vizag,Chennai,2023-09-10,2023-09-11
CNT00517,Ever Given,MSC,Kolkata,Kolkata,2024-05-13,2024-05-16
CNT00518,MSC Anna,Maersk,Chennai,Kolkata,2023-02-04,2023-02-05
CNT00519,MSC Anna,CMA CGM,Mumbai,Vizag,2024-12-27,2024-12-31
CNT00520,OOCL Hong Kong,ONE,Vizag,Mundra,2023-03-31,2023-04-08
CNT00521,OOCL Hong Kong,MSC,Chennai,,2024-08-27,2024-08-27
CNT00522,MSC Anna,Hapag-Lloyd,Kochi,Vizag,2024-08-24,2024-08-28
CNT00523,MSC Anna,MSC,Mundra,Mumbai,2024-02-22,2024-03-01
CNT00524,MSC Anna,ONE,Kochi,Vizag,2023-04-25,2023-04-25
CNT00525,CMA CGM Jacques,ONE,Mundra,Mumbai,2024-09-08,2024-09-16
CNT00526,OOCL Hong Kong,MSC,Mundra,Mumbai,2023-07-15,2023-07-22
CNT00527,MSC Anna,Hapag-Lloyd,Kochi,Kolkata,2024-05-15,2024-07-11
CNT00528,Maersk Alabama,MSC,Kochi,Vizag,2024-09-17,2024-09-27
CNT00529,Maersk Alabama,ONE,Chennai,Mumbai,2024-05-07,2024-05-16
CNT00530,CMA CGM Jacques,ONE,Vizag,Mundra,2023-03-16,2023-03-20
CNT00531,CMA CGM Jacques,CMA CGM,Vizag,Kolkata,2024-02-17,2024-02-21
CNT00532,Ever Given,CMA CGM,Kochi,Vizag,2024-01-11,2024-01-21
CNT00533,Ever Given,Maersk,Chennai,Vizag,2024-02-24,2024-02-29
CNT00534,Ever Given,ONE,Vizag,Kochi,2024-12-29,2025-01-04
CNT00535,,CMA CGM,Chennai,Vizag,2023-10-04,2023-10-11
CNT00536,CMA CGM Jacques,MSC,Chennai,Kolkata,2024-11-06,2024-11-13
CNT00537,CMA CGM Jacques,Hapag-Lloyd,Mundra,Mundra,2024-01-29,
CNT00538,Maersk Alabama,MSC,Vizag,Vizag,2024-04-01,2024-04-02
CNT00539,CMA CGM Jacques,Hapag-Lloyd,Vizag,Kochi,2023-07-11,2023-07-19
CNT00540,Maersk Alabama,CMA CGM,Mundra,Kolkata,2024-11-19,2024-11-25
CNT00541,Ever Given,Maersk,Kochi,Mumbai,2023-04-09,2023-04-12
CNT00542,Ever Given,MSC,Mundra,Chennai,2024-07-01,2024-07-04
CNT00543,Ever Given,MSC,Vizag,Chennai,2023-04-06,2023-04-16
CNT00544,MSC Anna,MSC,Vizag,Mumbai,2024-10-25,2024-11-01
CNT00545,MSC Anna,Hapag-Lloyd,Kochi,Vizag,2024-10-24,2024-10-27
CNT00546,OOCL Hong Kong,CMA CGM,Mundra,Chennai,2023-07-09,2023-07-14
CNT00547,OOCL Hong Kong,MSC,Mumbai,Chennai,2023-02-06,2023-02-10
CNT00548,OOCL Hong Kong,MSC,Mumbai,Mumbai,2024-01-04,
CNT00549,MSC Anna,Maersk,Kochi,Vizag,2024-11-25,2024-12-04
CNT00550,MSC Anna,Maersk,Mundra,Vizag,2024-06-08,2024-06-18
CNT00551,OOCL Hong Kong,CMA CGM,Mundra,Mumbai,2023-10-06,
CNT00552,OOCL Hong Kong,CMA CGM,Chennai,Vizag,2023-08-05,2023-08-13
CNT00553,CMA CGM Jacques,,Vizag,Vizag,2023-09-30,2023-10-09
CNT00554,OOCL Hong Kong,Maersk,Kolkata,Kolkata,2023-03-03,2023-03-11
CNT00555,CMA CGM Jacques,ONE,Kochi,Kolkata,2024-08-18,2024-08-18
CNT00556,Maersk Alabama,Hapag-Lloyd,Kolkata,Mumbai,2024-12-29,2025-01-07
CNT00557,MSC Anna,ONE,Kolkata,Mundra,2023-12-08,2023-12-10
CNT00558,OOCL Hong Kong,MSC,Kochi,Chennai,2024-02-01,2024-02-08
CNT00559,MSC Anna,ONE,Mundra,Kolkata,2024-11-29,2024-12-04
CNT00560,MSC Anna,CMA CGM,Kochi,Chennai,2023-01-19,2023-01-23
CNT00561,MSC Anna,Hapag-Lloyd,Kolkata,Kochi,2023-06-26,2023-06-30
CNT00562,,MSC,Vizag,Mumbai,2024-09-03,2024-09-08
CNT00563,Ever Given,ONE,Vizag,Mundra,2024-01-31,2024-02-06
CNT00564,OOCL Hong Kong,Hapag-Lloyd,Vizag,Kochi,2024-03-20,2024-03-20
CNT00565,Ever Given,Hapag-Lloyd,Mundra,Kochi,2023-08-21,2023-08-29
CNT00566,Ever Given,MSC,Mumbai,Vizag,2023-03-17,2023-05-18
CNT00567,Ever Given,ONE,Kochi,Kochi,2023-09-22,2023-09-25
CNT00568,MSC Anna,Hapag-Lloyd,Vizag,Mumbai,2024-03-30,2024-04-08
CNT00569,CMA CGM Jacques,Hapag-Lloyd,Kochi,Kolkata,2024-12-18,2024-12-18
CNT00570,MSC Anna,Maersk,Vizag,Mumbai,2024-01-19,2024-01-29
CNT00571,MSC Anna,Hapag-Lloyd,Mundra,Kolkata,2024-07-17,2024-07-26
CNT00572,Ever Given,Maersk,Mumbai,Kochi,2024-05-20,2024-06-20
CNT00573,MSC Anna,ONE,Mumbai,Kochi,2024-01-02,2024-03-15
CNT00574,Ever Given,ONE,Vizag,Mundra,2023-05-24,2023-05-25
CNT00575,CMA CGM Jacques,ONE,Mundra,,2023-03-10,2023-03-10
CNT00576,OOCL Hong Kong,CMA CGM,Chennai,Kochi,2023-04-09,2023-05-13
CNT00577,Ever Given,ONE,Kochi,Vizag,2024-01-31,2024-02-02
CNT00578,CMA CGM Jacques,Hapag-Lloyd,Kochi,Chennai,2023-01-25,2023-01-27
CNT00579,OOCL Hong Kong,MSC,Kolkata,Mundra,2024-04-13,2024-04-18
CNT00580,Maersk Alabama,Maersk,Mundra,Mumbai,2024-04-28,2024-05-05
CNT00581,Ever Given,CMA CGM,Kolkata,Mundra,2024-07-18,2024-07-26
CNT00582,Ever Given,ONE,Vizag,,2023-05-31,2023-06-08
CNT00583,Maersk Alabama,ONE,Kolkata,Kolkata,2023-05-24,2023-05-27
CNT00584,Maersk Alabama,MSC,Mumbai,Mumbai,2024-07-22,2024-07-26
CNT00585,Ever Given,MSC,Kochi,Mumbai,2023-02-08,2023-02-09
CNT00586,Maersk Alabama,CMA CGM,Kolkata,Kolkata,2023-04-19,2023-04-29
CNT00587,MSC Anna,Maersk,Mumbai,Mundra,2024-11-23,2024-12-01
CNT00588,OOCL Hong Kong,ONE,Mundra,Kochi,2023-02-11,2023-02-18
CNT00589,OOCL Hong Kong,CMA CGM,Kolkata,Mundra,2023-07-05,2023-07-07
CNT00590,OOCL Hong Kong,Hapag-Lloyd,Vizag,Chennai,2024-02-02,2024-02-12
CNT00591,MSC Anna,Hapag-Lloyd,Vizag,Vizag,2023-08-11,2023-08-19
CNT00592,Maersk Alabama,CMA CGM,Vizag,Kochi,2024-09-25,2024-09-27
CNT00593,CMA CGM Jacques,ONE,Kochi,Mundra,2023-05-13,2023-05-21
CNT00594,Maersk Alabama,CMA CGM,Kolkata,,2023-06-12,2023-06-13
CNT00595,Ever Given,ONE,Mundra,Vizag,2023-08-03,2023-08-12
CNT00596,OOCL Hong Kong,MSC,Kolkata,Kolkata,2023-08-23,
CNT00597,Maersk Alabama,CMA CGM,Kochi,Chennai,2024-10-19,2024-10-26
CNT00598,CMA CGM Jacques,ONE,Mumbai,Chennai,2024-08-10,2024-08-18
CNT00599,Ever Given,CMA CGM,Kochi,Chennai,2023-01-09,2023-01-13
CNT00600,MSC Anna,CMA CGM,Vizag,Kochi,2023-03-15,2023-03-25
CNT00601,MSC Anna,ONE,Mumbai,Mumbai,2024-05-06,2024-05-16
CNT00602,CMA CGM Jacques,ONE,Vizag,Kochi,2023-09-10,
CNT00603,Ever Given,Maersk,Chennai,,2023-08-18,2023-08-25
CNT00604,OOCL Hong Kong,CMA CGM,Kochi,Vizag,2024-06-02,2024-06-07
CNT00605,Maersk Alabama,Hapag-Lloyd,Kochi,Vizag,2023-06-23,2023-06-30
CNT00606,Ever Given,CMA CGM,Mundra,Mumbai,2024-10-14,2024-10-24
CNT00607,MSC Anna,,Kolkata,Mundra,2023-06-17,2023-06-21
CNT00608,CMA CGM Jacques,ONE,Mumbai,,2023-06-19,2023-06-28
CNT00609,CMA CGM Jacques,CMA CGM,Mumbai,Vizag,2024-01-28,2024-01-29
CNT00610,Maersk Alabama,CMA CGM,Mundra,Kochi,2024-09-25,2024-09-30
CNT00611,CMA CGM Jacques,Hapag-Lloyd,Mundra,Chennai,2023-07-13,2023-07-17
CNT00612,CMA CGM Jacques,ONE,Kolkata,Vizag,2024-05-31,2024-06-04
CNT00613,Ever Given,CMA CGM,Vizag,Kolkata,2023-01-29,
CNT00614,OOCL Hong Kong,MSC,Kolkata,Chennai,2023-06-14,2023-06-15
CNT00615,Maersk Alabama,Maersk,Kochi,Vizag,2024-02-26,2024-05-21
CNT00616,Ever Given,Hapag-Lloyd,Vizag,Kochi,2023-12-05,2023-12-07
CNT00617,OOCL Hong Kong,CMA CGM,Chennai,Mumbai,2024-10-09,2024-10-18
CNT00618,Ever Given,MSC,Kolkata,Chennai,2024-05-10,2024-05-12
CNT00619,Ever Given,CMA CGM,Mundra,Kochi,2023-12-31,2024-01-07
CNT00620,CMA CGM Jacques,CMA CGM,Vizag,Mundra,2023-12-08,2023-12-15
CNT00621,OOCL Hong Kong,ONE,Kolkata,Kolkata,2024-05-14,2024-05-15
CNT00622,Maersk Alabama,ONE,Mumbai,Chennai,2024-10-18,2024-10-25
CNT00623,Maersk Alabama,ONE,Chennai,Mumbai,2024-05-25,2024-06-04
CNT00624,OOCL Hong Kong,MSC,Kochi,Mundra,2023-11-23,2024-01-02
CNT00625,CMA CGM Jacques,CMA CGM,Mumbai,Kochi,2023-08-05,2023-08-10
CNT00626,MSC Anna,Maersk,Mumbai,Kolkata,2023-10-28,2023-11-04
CNT00627,Ever Given,Hapag-Lloyd,Chennai,Mumbai,2023-05-12,2023-05-14
CNT00628,CMA CGM Jacques,ONE,Kochi,Kochi,2023-03-11,2023-03-18
CNT00629,OOCL Hong Kong,ONE,Mundra,Kochi,2023-09-09,2023-09-09
CNT00630,Ever Given,CMA CGM,Vizag,Chennai,2024-02-19,2024-02-29
CNT00631,Maersk Alabama,CMA CGM,Kochi,Chennai,2024-03-20,2024-03-30
CNT00632,MSC Anna,MSC,Kolkata,Mumbai,2023-07-01,2023-07-09
CNT00633,Maersk Alabama,MSC,Mumbai,Vizag,2023-06-16,2023-06-26
CNT00634,OOCL Hong Kong,ONE,Kolkata,Vizag,2023-04-01,2023-04-09
CNT00635,Ever Given,CMA CGM,Mundra,Kochi,2024-12-14,
CNT00636,OOCL Hong Kong,Maersk,Kolkata,Chennai,2024-06-14,2024-06-23
CNT00637,Ever Given,Hapag-Lloyd,Kochi,Kolkata,2023-02-08,2023-02-11
CNT00638,CMA CGM Jacques,CMA CGM,Kolkata,Kolkata,2023-05-06,2023-05-16
CNT00639,MSC Anna,CMA CGM,Mundra,Kochi,2024-03-26,2024-03-31
CNT00640,CMA CGM Jacques,MSC,Mundra,Chennai,2023-06-22,2023-06-28
CNT00641,CMA CGM Jacques,Hapag-Lloyd,Mundra,Mumbai,2024-10-14,2024-10-18
CNT00642,OOCL Hong Kong,ONE,Kochi,Mumbai,2023-08-08,2023-08-18
CNT00643,MSC Anna,CMA CGM,Mundra,Mumbai,2024-09-29,2024-10-08
CNT00644,Ever Given,ONE,Mumbai,Kolkata,2023-02-27,2023-03-07
CNT00645,Ever Given,CMA CGM,Mundra,Chennai,2024-10-21,2024-10-23
CNT00646,Maersk Alabama,ONE,Kolkata,Chennai,2024-04-20,2024-05-25
CNT00647,Ever Given,Hapag-Lloyd,Vizag,Kolkata,2024-03-31,2024-04-09
CNT00648,OOCL Hong Kong,,Kolkata,Mumbai,2023-12-27,2024-01-05
CNT00649,CMA CGM Jacques,Hapag-Lloyd,Vizag,Mumbai,2023-01-01,2023-01-11
CNT00650,CMA CGM Jacques,Maersk,Kolkata,Kochi,2024-01-22,2024-01-26
CNT00651,CMA CGM Jacques,MSC,Kochi,Vizag,2023-12-14,2023-12-20
CNT00652,MSC Anna,Hapag-Lloyd,Kolkata,Mundra,2023-07-09,2023-07-10
CNT00653,Ever Given,Maersk,Kochi,Vizag,2024-05-19,2024-05-22
CNT00654,OOCL Hong Kong,CMA CGM,Kochi,Chennai,2023-07-10,2023-07-11
CNT00655,MSC Anna,CMA CGM,Mundra,Chennai,2024-05-22,2024-05-28
CNT00656,Maersk Alabama,ONE,Mumbai,Chennai,2024-01-04,2024-01-05
CNT00657,OOCL Hong Kong,MSC,Vizag,Vizag,2024-02-13,2024-02-23
CNT00658,OOCL Hong Kong,CMA CGM,Mundra,Mundra,2023-04-27,2023-04-27
CNT00659,OOCL Hong Kong,MSC,Mundra,Kochi,2023-05-14,2023-05-22
CNT00660,CMA CGM Jacques,CMA CGM,Kochi,Vizag,2023-02-27,2023-02-27
CNT00661,OOCL Hong Kong,ONE,Kochi,Mundra,2024-07-09,2024-07-16
CNT00662,Ever Given,Hapag-Lloyd,Vizag,Mumbai,2024-11-15,2024-11-16
CNT00663,OOCL Hong Kong,ONE,Kolkata,Mumbai,2024-11-02,2024-11-09
CNT00664,CMA CGM Jacques,Maersk,Kolkata,Chennai,2023-06-22,2023-06-24
CNT00665,OOCL Hong Kong,CMA CGM,Mundra,Kolkata,2023-05-29,2023-06-03
CNT00666,Maersk Alabama,Maersk,Chennai,Chennai,2023-03-21,2023-03-23
CNT00667,Maersk Alabama,Maersk,Chennai,Kolkata,2023-08-01,2023-08-07
CNT00668,CMA CGM Jacques,MSC,Kolkata,Mundra,2023-07-22,2023-07-31
CNT00669,Ever Given,CMA CGM,Chennai,Mumbai,2023-08-17,2023-08-25
CNT00670,Ever Given,,Kolkata,Vizag,2024-11-06,2024-11-07
CNT00671,MSC Anna,Hapag-Lloyd,Kochi,Kolkata,2023-08-15,2023-08-19
CNT00672,CMA CGM Jacques,Maersk,Mundra,Mundra,2024-10-20,2024-10-25
CNT00673,OOCL Hong Kong,Hapag-Lloyd,Mumbai,Mumbai,2024-06-15,2024-06-18
CNT00674,CMA CGM Jacques,MSC,Mundra,Vizag,2024-03-16,2024-03-19
CNT00675,MSC Anna,Maersk,Kolkata,Kolkata,2024-02-06,2024-02-09
CNT00676,CMA CGM Jacques,ONE,Kolkata,Chennai,2023-02-16,2023-02-17
CNT00677,CMA CGM Jacques,MSC,Mundra,Chennai,2023-08-21,2023-08-24
CNT00678,MSC Anna,Hapag-Lloyd,Vizag,Chennai,2023-11-01,2023-12-09
CNT00679,Ever Given,MSC,Kolkata,Mundra,2024-06-09,2024-06-09
CNT00680,OOCL Hong Kong,Maersk,Chennai,Chennai,2023-05-23,2023-07-22
CNT00681,MSC Anna,CMA CGM,,Kochi,2024-02-19,2024-02-19
CNT00682,Maersk Alabama,CMA CGM,Kolkata,Mumbai,2024-05-27,2024-06-05
CNT00683,Ever Given,Hapag-Lloyd,Kolkata,Mundra,2024-01-08,2024-01-13
CNT00684,Maersk Alabama,Hapag-Lloyd,Vizag,Vizag,2024-07-19,2024-07-19
CNT00685,Ever Given,CMA CGM,Chennai,Chennai,2023-09-16,2023-09-21
CNT00686,OOCL Hong Kong,Hapag-Lloyd,Kolkata,Mumbai,2024-10-17,2024-10-26
CNT00687,OOCL Hong Kong,MSC,Kolkata,Kolkata,2024-04-15,2024-04-22
CNT00688,CMA CGM Jacques,ONE,Vizag,Chennai,2023-01-12,2023-01-22
CNT00689,Maersk Alabama,ONE,Vizag,Mumbai,2023-11-26,2023-11-27
CNT00690,Ever Given,MSC,Mundra,Kochi,2023-12-24,2023-12-25
CNT00691,OOCL Hong Kong,ONE,Vizag,Kolkata,2024-02-12,2024-02-15
CNT00692,MSC Anna,Maersk,Mumbai,Kochi,2024-10-29,2024-11-08
CNT00693,OOCL Hong Kong,MSC,,Vizag,2024-01-08,2024-01-10
CNT00694,MSC Anna,Hapag-Lloyd,Mundra,Mumbai,2023-01-08,2023-01-11
CNT00695,Ever Given,MSC,Mumbai,Kochi,2023-05-02,2023-05-08
CNT00696,OOCL Hong Kong,CMA CGM,Kolkata,Vizag,2023-12-14,2023-12-24
CNT00697,OOCL Hong Kong,Hapag-Lloyd,Kolkata,Mumbai,2024-11-06,2024-11-06
CNT00698,Ever Given,CMA CGM,Mundra,Mumbai,2023-03-31,2023-04-05
CNT00699,,Hapag-Lloyd,Vizag,Kochi,2024-10-09,2024-10-11
CNT00700,MSC Anna,ONE,Kolkata,Mumbai,2024-11-28,2024-12-08
CNT00701,OOCL Hong Kong,MSC,Kochi,Chennai,2023-11-12,2023-11-21
CNT00702,Maersk Alabama,Maersk,Mundra,Mumbai,2023-06-27,2023-07-03
CNT00703,CMA CGM Jacques,Hapag-Lloyd,Mumbai,Mundra,2024-06-23,2024-07-02
CNT00704,MSC Anna,Hapag-Lloyd,Mundra,Vizag,2023-02-10,2023-02-11
CNT00705,Maersk Alabama,CMA CGM,Chennai,Mumbai,2024-12-04,2024-12-05
CNT00706,Ever Given,ONE,Vizag,Mundra,2024-05-16,2024-05-19
CNT00707,MSC Anna,CMA CGM,Vizag,Mumbai,2023-05-25,2023-05-25
CNT00708,CMA CGM Jacques,CMA CGM,Mundra,Mumbai,2023-07-20,2023-07-22
CNT00709,CMA CGM Jacques,ONE,Kolkata,Kochi,2024-12-24,2025-01-01
CNT00710,Ever Given,Maersk,Kolkata,Chennai,2024-04-05,2024-04-11
CNT00711,Ever Given,CMA CGM,Kochi,Vizag,2024-07-11,2024-07-17
CNT00712,MSC Anna,CMA CGM,Kochi,Chennai,2024-06-30,2024-07-10
CNT00713,OOCL Hong Kong,Hapag-Lloyd,Vizag,Kolkata,2023-09-10,2023-09-13
CNT00714,Ever Given,ONE,Kochi,Kochi,2024-01-25,2024-01-26
CNT00715,OOCL Hong Kong,MSC,Mumbai,Kochi,2024-08-16,2024-08-19
CNT00716,Maersk Alabama,Maersk,Kochi,Chennai,2023-09-13,2023-09-18
CNT00717,CMA CGM Jacques,Maersk,Mumbai,Kochi,2024-12-09,2024-12-19
CNT00718,OOCL Hong Kong,ONE,Kochi,Chennai,2024-03-25,2024-04-04
CNT00719,CMA CGM Jacques,Hapag-Lloyd,Vizag,Kochi,2023-01-10,2023-01-12
CNT00720,OOCL Hong Kong,Hapag-Lloyd,Vizag,Mumbai,2023-08-30,2023-08-30
CNT00721,Maersk Alabama,ONE,Mumbai,Chennai,2023-09-08,2023-09-15
CNT00722,Ever Given,Hapag-Lloyd,Mundra,Chennai,2023-01-05,2023-01-09
CNT00723,Maersk Alabama,Maersk,Vizag,Mundra,2023-04-29,2023-05-03
CNT00724,Ever Given,Maersk,Mundra,Kochi,2024-01-09,2024-01-19
CNT00725,Ever Given,MSC,Kolkata,Kochi,2023-03-06,2023-03-09
CNT00726,CMA CGM Jacques,ONE,Mumbai,Chennai,2023-05-26,2023-05-31
CNT00727,Maersk Alabama,CMA CGM,Vizag,Mumbai,2023-08-12,2023-08-14
CNT00728,OOCL Hong Kong,CMA CGM,Chennai,Mumbai,2023-08-27,2023-09-04
CNT00729,Maersk Alabama,MSC,Kolkata,Vizag,2023-06-26,2023-06-30
CNT00730,CMA CGM Jacques,MSC,Mundra,Mumbai,2023-10-09,2023-10-11
CNT00731,Ever Given,Hapag-Lloyd,Vizag,Kochi,2023-03-04,2023-03-14
CNT00732,CMA CGM Jacques,MSC,Mumbai,Mundra,2023-08-05,2023-08-05
CNT00733,MSC Anna,MSC,Kochi,Chennai,2024-11-19,2024-11-28
CNT00734,MSC Anna,CMA CGM,,Kolkata,2024-04-05,2024-05-31
CNT00735,OOCL Hong Kong,Hapag-Lloyd,Mundra,Mundra,2024-09-01,2024-11-03
CNT00736,CMA CGM Jacques,MSC,Kolkata,Kolkata,2023-04-15,2023-04-17
CNT00737,OOCL Hong Kong,MSC,Mumbai,Mundra,2023-04-09,2023-04-09
CNT00738,OOCL Hong Kong,Hapag-Lloyd,Chennai,Mumbai,2024-05-25,2024-06-02
CNT00739,,ONE,Mumbai,Kochi,2024-01-20,2024-01-27
CNT00740,OOCL Hong Kong,Hapag-Lloyd,Vizag,Kolkata,2024-02-09,2024-02-10
CNT00741,MSC Anna,CMA CGM,Kochi,Mundra,2024-06-01,2024-08-30
CNT00742,Ever Given,ONE,Kolkata,Kochi,2024-04-20,2024-04-27
CNT00743,CMA CGM Jacques,Maersk,Mumbai,Kolkata,2024-12-09,2024-12-17
CNT00744,OOCL Hong Kong,Hapag-Lloyd,Mundra,Chennai,2024-10-06,2024-10-06
CNT00745,MSC Anna,CMA CGM,Vizag,Mundra,2024-03-12,2024-03-16
CNT00746,Maersk Alabama,ONE,Vizag,Chennai,2023-01-23,2023-01-30
CNT00747,OOCL Hong Kong,Hapag-Lloyd,,Mumbai,2024-07-18,2024-07-28
CNT00748,Ever Given,,Vizag,,2024-11-07,2024-11-08
CNT00749,Ever Given,Hapag-Lloyd,Mundra,,2024-12-14,2024-12-17
CNT00750,Maersk Alabama,Maersk,Mumbai,Vizag,2024-04-02,2024-04-08
CNT00751,MSC Anna,Hapag-Lloyd,Kolkata,Mundra,2023-03-24,2023-03-26
CNT00752,OOCL Hong Kong,ONE,Vizag,Mumbai,2023-05-25,2023-05-29
CNT00753,MSC Anna,ONE,Vizag,Chennai,2023-03-26,2023-05-28
CNT00754,Ever Given,Hapag-Lloyd,Mundra,Kochi,2023-03-19,2023-03-28
CNT00755,MSC Anna,ONE,Kochi,Kolkata,2024-04-01,2024-04-03
CNT00756,Ever Given,MSC,Kochi,Chennai,2023-01-01,2023-01-04
CNT00757,MSC Anna,Hapag-Lloyd,Vizag,Mumbai,2023-02-20,2023-02-28
CNT00758,Maersk Alabama,MSC,Mumbai,Chennai,2024-11-15,2024-11-21
CNT00759,CMA CGM Jacques,MSC,Kolkata,Kolkata,2024-12-17,2024-12-17
CNT00760,Maersk Alabama,CMA CGM,Vizag,Mumbai,2024-03-21,2024-03-24
CNT00761,Maersk Alabama,Hapag-Lloyd,Chennai,Mundra,2024-03-24,2024-03-27
CNT00762,CMA CGM Jacques,ONE,Kolkata,Mumbai,2024-05-02,2024-05-10
CNT00763,CMA CGM Jacques,MSC,Kochi,Mundra,2023-02-03,2023-02-08
CNT00764,OOCL Hong Kong,CMA CGM,Vizag,,2023-12-14,2023-12-22
CNT00765,OOCL Hong Kong,Hapag-Lloyd,Mundra,,2023-04-05,2023-04-10
CNT00766,Maersk Alabama,Hapag-Lloyd,Chennai,Kolkata,2023-03-13,2023-03-18
CNT00767,Maersk Alabama,Maersk,Vizag,Mumbai,2024-07-04,2024-07-08
CNT00768,Ever Given,Maersk,Mumbai,Chennai,2023-06-03,2023-06-07
CNT00769,Ever Given,MSC,Chennai,Kolkata,2023-09-07,2023-09-08
CNT00770,OOCL Hong Kong,Maersk,Vizag,Mundra,2024-11-04,2024-11-11
CNT00771,OOCL Hong Kong,MSC,Mumbai,Mundra,2024-03-13,2024-03-20
CNT00772,Ever Given,ONE,Chennai,Kochi,2023-04-28,2023-05-08
CNT00773,Ever Given,MSC,Mumbai,Vizag,2023-11-02,2023-11-02
CNT00774,MSC Anna,Maersk,Mumbai,Vizag,2023-09-25,2023-10-02
CNT00775,MSC Anna,ONE,Chennai,Vizag,2023-02-23,2023-02-27
CNT00776,Ever Given,Maersk,Chennai,Mundra,2023-08-24,2023-08-25
CNT00777,MSC Anna,MSC,Mumbai,Kochi,2024-01-24,2024-01-25
CNT00778,,CMA CGM,Kochi,Vizag,2024-02-05,2024-02-10
CNT00779,OOCL Hong Kong,,Chennai,Vizag,2024-09-15,2024-09-25
CNT00780,OOCL Hong Kong,Maersk,Vizag,Mumbai,2023-10-30,2023-11-07
CNT00781,Ever Given,MSC,Kolkata,Mumbai,2023-07-26,2023-07-26
CNT00782,Maersk Alabama,ONE,Mundra,Mumbai,2023-08-17,
CNT00783,Ever Given,Maersk,Mumbai,Chennai,2024-07-31,2024-08-08
CNT00784,MSC Anna,Maersk,Mumbai,Vizag,2023-03-16,2023-03-23
CNT00785,Maersk Alabama,Hapag-Lloyd,Mundra,Chennai,2024-03-10,2024-03-20
CNT00786,MSC Anna,MSC,Kochi,Kochi,2023-04-13,2023-04-18
CNT00787,CMA CGM Jacques,CMA CGM,Mundra,Mundra,2024-02-26,2024-02-28
CNT00788,MSC Anna,ONE,Chennai,Vizag,2024-12-04,2024-12-11
CNT00789,CMA CGM Jacques,MSC,Mundra,Mundra,2023-11-02,2023-11-10
CNT00790,CMA CGM Jacques,ONE,Mumbai,Mumbai,2023-04-08,2023-04-08
CNT00791,MSC Anna,Maersk,Mundra,Vizag,2023-12-01,2023-12-09
CNT00792,MSC Anna,Hapag-Lloyd,Kolkata,Kolkata,2024-03-10,2024-03-15
CNT00793,CMA CGM Jacques,Hapag-Lloyd,Vizag,Chennai,2024-03-22,2024-03-27
CNT00794,Maersk Alabama,CMA CGM,Chennai,Chennai,2023-11-04,2023-11-07
CNT00795,CMA CGM Jacques,Hapag-Lloyd,Mundra,Vizag,2023-09-06,2023-09-06
CNT00796,OOCL Hong Kong,Maersk,Mumbai,Mumbai,2023-06-15,2023-06-24
CNT00797,CMA CGM Jacques,CMA CGM,Vizag,Chennai,2024-04-25,2024-05-02
CNT00798,Maersk Alabama,MSC,Chennai,Mumbai,2023-12-01,2023-12-02
CNT00799,OOCL Hong Kong,Hapag-Lloyd,Mumbai,Kochi,2024-06-25,2024-06-25
CNT00800,Ever Given,CMA CGM,Kochi,Mundra,2023-04-16,2023-04-17
CNT00801,,Maersk,Kolkata,Kolkata,2024-07-16,2024-07-16
CNT00802,Maersk Alabama,ONE,Kochi,Mundra,2023-03-22,2023-03-22
CNT00803,CMA CGM Jacques,ONE,Kolkata,Mundra,2023-05-13,2023-05-21
CNT00804,MSC Anna,Maersk,Mundra,Kochi,2023-05-18,2023-05-18
CNT00805,Maersk Alabama,Maersk,Chennai,Chennai,2023-07-03,2023-07-06
CNT00806,OOCL Hong Kong,,Mundra,Kolkata,2024-02-05,2024-02-14
CNT00807,OOCL Hong Kong,CMA CGM,Kolkata,Chennai,2023-11-26,2023-12-01
CNT00808,Ever Given,ONE,Kolkata,Vizag,2024-05-22,2024-05-28
CNT00809,OOCL Hong Kong,Maersk,Kolkata,Mundra,2023-03-10,2023-03-11
CNT00810,Maersk Alabama,Hapag-Lloyd,Vizag,Vizag,2024-06-29,2024-07-04
CNT00811,OOCL Hong Kong,MSC,Mumbai,Mumbai,2023-02-22,2023-02-28
CNT00812,Maersk Alabama,Hapag-Lloyd,Chennai,,2024-03-25,2024-04-03
CNT00813,MSC Anna,Hapag-Lloyd,Mundra,Chennai,2023-07-24,2023-08-02
CNT00814,Ever Given,Maersk,Mundra,Mundra,2023-05-06,2023-05-07
CNT00815,OOCL Hong Kong,ONE,Kochi,Mumbai,2023-02-12,2023-02-13
CNT00816,Maersk Alabama,CMA CGM,Kolkata,Kochi,2023-04-21,2023-04-30
CNT00817,CMA CGM Jacques,Hapag-Lloyd,Kolkata,Vizag,2024-10-24,2024-10-30
CNT00818,Ever Given,ONE,Kolkata,Vizag,2023-07-02,2023-07-02
CNT00819,MSC Anna,CMA CGM,Mundra,Chennai,2023-04-05,2023-04-12
CNT00820,Maersk Alabama,Hapag-Lloyd,Kochi,Mundra,2024-01-09,2024-01-19
CNT00821,MSC Anna,CMA CGM,Mumbai,Chennai,2024-06-03,2024-06-05
CNT00822,MSC Anna,ONE,Vizag,Kochi,2023-12-26,2024-01-05
CNT00823,OOCL Hong Kong,MSC,Chennai,Mundra,2024-11-26,2024-12-01
CNT00824,OOCL Hong Kong,ONE,Mumbai,Mundra,2023-10-08,2023-10-16
CNT00825,Maersk Alabama,Maersk,Mundra,Chennai,2023-07-14,2023-07-19
CNT00826,CMA CGM Jacques,CMA CGM,Vizag,Chennai,2023-07-14,
CNT00827,Maersk Alabama,MSC,Vizag,Mumbai,2024-10-28,2024-11-03
CNT00828,CMA CGM Jacques,CMA CGM,,Kochi,2023-04-03,2023-04-11
CNT00829,MSC Anna,CMA CGM,Kolkata,Mumbai,2024-11-02,2024-12-29
CNT00830,Ever Given,Hapag-Lloyd,Chennai,Vizag,2023-03-02,2023-03-09
CNT00831,Maersk Alabama,Maersk,Mundra,,2024-09-25,2024-10-02
CNT00832,Maersk Alabama,CMA CGM,Mundra,Chennai,2023-02-20,2023-02-21
CNT00833,CMA CGM Jacques,ONE,Vizag,Mundra,2024-02-07,2024-02-10
CNT00834,MSC Anna,ONE,Mundra,Mundra,2023-01-05,2023-01-15
CNT00835,MSC Anna,Hapag-Lloyd,Chennai,Kolkata,2024-04-10,2024-04-16
CNT00836,CMA CGM Jacques,Maersk,Chennai,Vizag,2024-08-26,2024-09-05
CNT00837,MSC Anna,Maersk,Kochi,Kolkata,2024-11-12,2024-11-15
CNT00838,OOCL Hong Kong,ONE,Kochi,Mundra,2024-06-17,2024-06-20
CNT00839,Ever Given,MSC,Mumbai,Chennai,2024-02-09,2024-02-14
CNT00840,Maersk Alabama,Hapag-Lloyd,Chennai,Mundra,2024-05-27,2024-06-05
CNT00841,Ever Given,Hapag-Lloyd,Chennai,Vizag,2024-10-06,2024-10-11
CNT00842,Maersk Alabama,ONE,Chennai,,2023-08-21,2023-08-30
CNT00843,OOCL Hong Kong,ONE,Kochi,Chennai,2024-06-07,2024-06-09
CNT00844,,MSC,Vizag,Mundra,2023-12-12,2023-12-20
CNT00845,CMA CGM Jacques,MSC,Vizag,Kochi,2023-02-15,2023-02-24
CNT00846,OOCL Hong Kong,Maersk,Mundra,Vizag,2024-06-29,2024-09-13
CNT00847,Ever Given,,Vizag,Vizag,2023-03-19,2023-03-20
CNT00848,CMA CGM Jacques,,Kolkata,Kochi,2024-12-30,2025-01-04
CNT00849,MSC Anna,ONE,Kochi,Mundra,2023-03-14,2023-03-20
CNT00850,OOCL Hong Kong,Maersk,Chennai,Vizag,2023-09-06,2023-09-14
CNT00851,CMA CGM Jacques,,Vizag,Chennai,2023-02-16,
CNT00852,OOCL Hong Kong,,Kochi,Mundra,2023-05-01,2023-05-10
CNT00853,OOCL Hong Kong,Maersk,Vizag,Mundra,2023-08-02,2023-08-04
CNT00854,MSC Anna,ONE,Mumbai,Kolkata,2023-08-27,2023-09-02
CNT00855,Maersk Alabama,Maersk,Chennai,Vizag,2023-02-25,2023-05-15
CNT00856,CMA CGM Jacques,MSC,Mumbai,Vizag,2023-12-16,2023-12-23
CNT00857,MSC Anna,MSC,Chennai,Kochi,2023-04-17,2023-04-23
CNT00858,OOCL Hong Kong,CMA CGM,Kochi,Kolkata,2023-02-17,2023-02-21
CNT00859,MSC Anna,ONE,Mundra,Kolkata,2024-07-26,2024-08-01
CNT00860,Maersk Alabama,CMA CGM,Vizag,Vizag,2023-12-03,2023-12-05
CNT00861,CMA CGM Jacques,MSC,Vizag,Mundra,2023-01-26,2023-01-27
CNT00862,Maersk Alabama,CMA CGM,Kolkata,Kolkata,2023-09-14,2023-09-19
CNT00863,Ever Given,ONE,Mumbai,Kochi,2023-01-08,2023-01-09
CNT00864,CMA CGM Jacques,ONE,Vizag,Kolkata,2024-09-16,2024-09-18
CNT00865,Maersk Alabama,Maersk,Kochi,Kochi,2023-09-10,
CNT00866,OOCL Hong Kong,Hapag-Lloyd,Mundra,Kolkata,2024-11-22,2024-11-26
CNT00867,CMA CGM Jacques,Maersk,Kochi,Kochi,2024-12-19,2024-12-26
CNT00868,CMA CGM Jacques,ONE,Mumbai,Kolkata,2023-10-30,2023-11-07
CNT00869,MSC Anna,MSC,Kolkata,Kolkata,2024-09-30,2024-10-10
CNT00870,OOCL Hong Kong,MSC,Vizag,Chennai,2023-02-25,2023-02-27
CNT00871,Ever Given,Maersk,Kochi,Kochi,2024-12-26,2025-01-04
CNT00872,Maersk Alabama,ONE,Chennai,Kochi,2024-06-09,
CNT00873,MSC Anna,MSC,Mundra,Kochi,2024-04-18,2024-04-20
CNT00874,Maersk Alabama,ONE,Kochi,Mumbai,2023-01-28,2023-04-25
CNT00875,Ever Given,MSC,Mundra,Kolkata,2023-03-19,2023-03-19
CNT00876,Ever Given,ONE,Vizag,Kochi,2023-08-04,2023-08-10
CNT00877,CMA CGM Jacques,CMA CGM,Chennai,Vizag,2024-01-21,2024-01-21
CNT00878,Ever Given,ONE,Kolkata,Mumbai,2023-12-31,2024-01-04
CNT00879,Maersk Alabama,ONE,Kolkata,Chennai,2024-10-27,2024-11-05
CNT00880,OOCL Hong Kong,Maersk,Chennai,Kochi,2024-06-09,2024-06-16
CNT00881,OOCL Hong Kong,CMA CGM,Mundra,Kochi,2024-11-29,2024-12-02
CNT00882,CMA CGM Jacques,Hapag-Lloyd,Vizag,Mumbai,2023-11-08,2023-11-12
CNT00883,,Maersk,Kochi,Kolkata,2023-01-07,2023-01-10
CNT00884,Maersk Alabama,Hapag-Lloyd,Chennai,Vizag,2023-01-03,2023-01-06
CNT00885,,MSC,Mumbai,Chennai,2024-09-14,2024-10-16
CNT00886,Maersk Alabama,Hapag-Lloyd,Mundra,Kochi,2023-12-29,2024-03-11
CNT00887,MSC Anna,ONE,Kolkata,Kolkata,2024-05-22,2024-05-22
CNT00888,Ever Given,Hapag-Lloyd,,Vizag,2023-10-01,2023-10-03
CNT00889,MSC Anna,,Kolkata,Vizag,2024-05-20,
CNT00890,CMA CGM Jacques,Maersk,Mundra,Chennai,2023-01-15,2023-01-18
CNT00891,OOCL Hong Kong,Hapag-Lloyd,Kolkata,Mundra,2023-07-11,2023-07-20
CNT00892,CMA CGM Jacques,Maersk,Chennai,Vizag,2024-09-22,2024-09-26
CNT00893,OOCL Hong Kong,Maersk,Mundra,Mundra,2024-04-29,2024-04-30
CNT00894,CMA CGM Jacques,Hapag-Lloyd,Mumbai,Vizag,2023-01-28,2023-03-03
CNT00895,Maersk Alabama,CMA CGM,Chennai,Chennai,2024-12-14,2024-12-15
CNT00896,MSC Anna,CMA CGM,Kochi,Mumbai,2023-02-08,2023-02-09
CNT00897,OOCL Hong Kong,,Vizag,Chennai,2023-09-30,2023-10-03
CNT00898,Ever Given,Maersk,Chennai,Chennai,2023-08-19,2023-08-24
CNT00899,MSC Anna,Hapag-Lloyd,Mundra,Mumbai,2023-03-27,2023-04-02
CNT00900,Ever Given,Maersk,Vizag,Mumbai,2024-04-18,2024-06-24
CNT00901,MSC Anna,ONE,Chennai,Kolkata,2023-05-06,2023-05-08
CNT00902,,Maersk,Mumbai,Vizag,2024-06-20,2024-06-22
CNT00903,CMA CGM Jacques,Maersk,Mumbai,Kolkata,2023-05-25,2023-06-03
CNT00904,OOCL Hong Kong,CMA CGM,Kochi,Mumbai,2024-06-08,2024-06-13
CNT00905,OOCL Hong Kong,Hapag-Lloyd,Kolkata,,2023-07-31,2023-08-02
CNT00906,MSC Anna,Maersk,Vizag,Mundra,2023-01-25,2023-01-26
CNT00907,Maersk Alabama,CMA CGM,Mundra,Chennai,2024-08-02,
CNT00908,Maersk Alabama,MSC,Mundra,Kochi,2024-01-29,2024-02-02
CNT00909,Ever Given,CMA CGM,Kolkata,Chennai,2023-03-08,2023-03-08
CNT00910,Ever Given,,Mumbai,Chennai,2023-08-21,2023-08-23
CNT00911,CMA CGM Jacques,CMA CGM,Mumbai,Kochi,2023-04-19,2023-04-28
CNT00912,MSC Anna,Maersk,Chennai,Vizag,2023-05-26,2023-06-02
CNT00913,Ever Given,Maersk,Kochi,Mumbai,2023-04-21,2023-04-24
CNT00914,Ever Given,MSC,Vizag,Mundra,2023-08-16,2023-10-08
CNT00915,MSC Anna,ONE,Kochi,Chennai,2023-04-21,2023-04-30
CNT00916,CMA CGM Jacques,ONE,Kochi,Kochi,2024-04-14,2024-04-15
CNT00917,Ever Given,ONE,Chennai,Kolkata,2023-02-03,2023-02-09
CNT00918,CMA CGM Jacques,MSC,Kochi,Chennai,2024-09-14,2024-09-18
CNT00919,OOCL Hong Kong,ONE,Kolkata,Mundra,2024-01-04,2024-01-08
CNT00920,CMA CGM Jacques,ONE,Chennai,Mumbai,2024-08-17,2024-08-22
CNT00921,Maersk Alabama,CMA CGM,Kolkata,Chennai,2024-07-07,2024-07-15
CNT00922,Maersk Alabama,Maersk,Chennai,Chennai,2024-02-29,2024-03-05
CNT00923,CMA CGM Jacques,Maersk,Kochi,Vizag,2024-09-04,2024-09-11
CNT00924,Maersk Alabama,CMA CGM,Kolkata,Kochi,2024-06-01,2024-06-07
CNT00925,OOCL Hong Kong,CMA CGM,Kolkata,Kolkata,2024-11-22,2024-11-30
CNT00926,MSC Anna,CMA CGM,Kolkata,Kolkata,2023-10-09,2023-10-12
CNT00927,Maersk Alabama,Maersk,Chennai,Mumbai,2023-11-16,2023-11-17
CNT00928,Maersk Alabama,ONE,,Mundra,2024-03-18,2024-03-24
CNT00929,CMA CGM Jacques,CMA CGM,Kochi,Mumbai,2023-11-11,2023-11-16
CNT00930,OOCL Hong Kong,MSC,Kolkata,Chennai,2024-01-12,2024-01-12
CNT00931,MSC Anna,CMA CGM,,Chennai,2023-10-16,2023-10-26
CNT00932,CMA CGM Jacques,Hapag-Lloyd,Mundra,Kolkata,2024-03-12,
CNT00933,CMA CGM Jacques,CMA CGM,Vizag,Mundra,2024-10-23,2024-10-31
CNT00934,OOCL Hong Kong,,Kochi,Kochi,2023-10-04,2023-10-05
CNT00935,MSC Anna,CMA CGM,Kochi,Mundra,2024-12-10,2024-12-12
CNT00936,OOCL Hong Kong,Hapag-Lloyd,Kolkata,Chennai,2024-08-04,2024-08-08
CNT00937,MSC Anna,,Kolkata,Kochi,2024-05-17,2024-05-21
CNT00938,OOCL Hong Kong,ONE,Chennai,Mundra,2024-09-15,2024-09-15
CNT00939,CMA CGM Jacques,CMA CGM,Mundra,Mundra,2024-05-30,2024-06-06
CNT00940,CMA CGM Jacques,Hapag-Lloyd,Mundra,Kochi,2023-12-16,2023-12-23
CNT00941,Ever Given,Hapag-Lloyd,Kolkata,Chennai,2024-03-21,2024-03-24
CNT00942,Maersk Alabama,MSC,Kochi,Mundra,2023-12-16,2023-12-22
CNT00943,OOCL Hong Kong,Maersk,Kolkata,Kochi,2024-08-29,2024-09-08
CNT00944,Ever Given,CMA CGM,Kochi,Vizag,2024-10-25,2024-11-03
CNT00945,Maersk Alabama,Hapag-Lloyd,Kochi,Vizag,2023-05-17,2023-05-19
CNT00946,OOCL Hong Kong,MSC,Kolkata,Chennai,2023-08-31,2023-09-05
CNT00947,MSC Anna,ONE,Mumbai,Kochi,2024-06-26,2024-07-05
CNT00948,Maersk Alabama,Hapag-Lloyd,Mundra,Vizag,2023-02-09,2023-02-18
CNT00949,CMA CGM Jacques,MSC,Vizag,Kochi,2023-08-17,2023-10-29
CNT00950,Ever Given,Maersk,Kochi,Mundra,2024-07-01,2024-07-01
CNT00951,Maersk Alabama,Maersk,Kochi,Chennai,2023-08-11,2023-08-15
CNT00952,Maersk Alabama,Hapag-Lloyd,Mumbai,Vizag,2023-01-06,2023-01-09
CNT00953,CMA CGM Jacques,Hapag-Lloyd,Vizag,Mundra,2023-11-18,2024-02-07
CNT00954,OOCL Hong Kong,CMA CGM,Chennai,Mumbai,2024-04-12,2024-04-22
CNT00955,MSC Anna,MSC,Mumbai,Mumbai,2023-03-16,2023-03-16
CNT00956,CMA CGM Jacques,Hapag-Lloyd,Vizag,Chennai,2023-01-04,2023-01-12
CNT00957,MSC Anna,CMA CGM,Mumbai,Vizag,2024-10-07,2024-10-12
CNT00958,OOCL Hong Kong,CMA CGM,Kochi,Vizag,2023-04-28,2023-05-01
CNT00959,,Hapag-Lloyd,Mundra,Vizag,2024-08-28,2024-09-05
CNT00960,MSC Anna,Maersk,Mumbai,Kochi,2024-05-18,2024-05-28
CNT00961,Ever Given,,Chennai,Mundra,2024-07-27,2024-07-31
CNT00962,Ever Given,MSC,Kolkata,Vizag,2024-03-16,2024-03-20
CNT00963,CMA CGM Jacques,Maersk,Vizag,Mundra,2023-07-13,2023-07-17
CNT00964,OOCL Hong Kong,Hapag-Lloyd,Mumbai,Chennai,2024-12-15,
CNT00965,CMA CGM Jacques,MSC,Mumbai,Vizag,2024-01-27,2024-01-27
CNT00966,CMA CGM Jacques,Hapag-Lloyd,Chennai,Chennai,2023-01-26,2023-02-02
CNT00967,CMA CGM Jacques,Hapag-Lloyd,Mundra,Vizag,2024-03-10,2024-03-17
CNT00968,Ever Given,CMA CGM,Mumbai,Mumbai,2023-06-22,2023-06-27
CNT00969,Ever Given,Maersk,Mumbai,Kolkata,2023-10-27,2023-11-06
CNT00970,CMA CGM Jacques,Hapag-Lloyd,Mundra,Chennai,2024-10-06,2024-10-09
CNT00971,Ever Given,ONE,Chennai,Vizag,2023-11-22,2023-11-23
CNT00972,OOCL Hong Kong,Maersk,Vizag,Kolkata,2024-02-14,2024-02-15
CNT00973,CMA CGM Jacques,MSC,Vizag,Chennai,2023-04-28,2023-05-06
CNT00974,Ever Given,CMA CGM,Mumbai,Kochi,2024-12-24,2024-12-28
CNT00975,MSC Anna,MSC,Mundra,Vizag,2023-08-13,2023-08-16
CNT00976,CMA CGM Jacques,MSC,,Kochi,2024-06-15,2024-06-24
CNT00977,CMA CGM Jacques,Maersk,Kolkata,Mumbai,2023-04-23,2023-06-26
CNT00978,OOCL Hong Kong,MSC,Vizag,Vizag,2023-05-20,2023-05-26
CNT00979,Maersk Alabama,Hapag-Lloyd,Kochi,Mumbai,2024-07-12,2024-07-14
CNT00980,Maersk Alabama,MSC,Kolkata,Kolkata,2023-01-01,2023-01-06
CNT00981,OOCL Hong Kong,CMA CGM,Mumbai,Chennai,2023-03-31,2023-04-04
CNT00982,OOCL Hong Kong,CMA CGM,Chennai,Mundra,2024-10-15,2024-10-19
CNT00983,OOCL Hong Kong,ONE,Vizag,Mumbai,2023-11-16,2023-11-26
CNT00984,Maersk Alabama,CMA CGM,Kochi,Mundra,2024-07-03,2024-08-05
CNT00985,OOCL Hong Kong,MSC,Kolkata,Mundra,2023-05-19,2023-05-19
CNT00986,Ever Given,CMA CGM,Vizag,Chennai,2024-05-25,2024-05-25
CNT00987,CMA CGM Jacques,Maersk,Mundra,Kolkata,2023-09-16,2023-09-18
CNT00988,CMA CGM Jacques,CMA CGM,Chennai,Chennai,2024-11-03,2024-11-12
CNT00989,MSC Anna,Hapag-Lloyd,Kolkata,Vizag,2024-11-20,2024-11-23
CNT00990,MSC Anna,Maersk,Mundra,Mumbai,2023-01-10,2023-01-14
CNT00991,CMA CGM Jacques,ONE,Mumbai,Mundra,2023-09-18,2023-09-19
CNT00992,Ever Given,Hapag-Lloyd,Mundra,Chennai,2024-10-11,2024-10-18
CNT00993,Maersk Alabama,MSC,Kolkata,Chennai,2023-06-21,2023-07-01
CNT00994,Maersk Alabama,MSC,Kolkata,Chennai,2023-01-13,2023-01-23
CNT00995,Ever Given,MSC,Mumbai,Mumbai,2023-06-17,2023-09-13
CNT00996,Maersk Alabama,Hapag-Lloyd,Mundra,Kolkata,2024-10-03,2024-10-11
CNT00997,OOCL Hong Kong,Hapag-Lloyd,Mundra,Chennai,2024-08-18,2024-08-19
CNT00998,CMA CGM Jacques,Hapag-Lloyd,Mumbai,Mumbai,2023-11-17,2023-11-25
CNT00999,CMA CGM Jacques,Maersk,Mundra,Mundra,2023-11-15,2023-11-21
CNT01000,Ever Given,Maersk,Vizag,Vizag,2024-09-04,2024-09-11
